State,Date,Value,Anomaly,Month,Year,Season
Alabama,201601,43.0,-1.9,01,2016,Winter
Alabama,201602,49.8,1.5,02,2016,Winter
Alabama,201603,59.7,4.9,03,2016,Spring
Alabama,201604,63.6,0.7,04,2016,Spring
Alabama,201605,70.2,-0.4,05,2016,Spring
Alabama,201606,79.2,1.9,06,2016,Summer
Alabama,201607,82.0,2.1,07,2016,Summer
Alabama,201608,81.6,2.4,08,2016,Summer
Alabama,201609,78.6,4.2,09,2016,Fall
Alabama,201610,68.5,4.7,10,2016,Fall
Alabama,201611,57.8,4.4,11,2016,Fall
Alabama,201612,50.1,3.6,12,2016,Winter
Alabama,201701,52.4,7.5,01,2017,Winter
Alabama,201702,55.6,7.3,02,2017,Winter
Alabama,201703,58.4,3.6,03,2017,Spring
Alabama,201704,67.2,4.3,04,2017,Spring
Alabama,201705,69.9,-0.7,05,2017,Spring
Alabama,201706,75.8,-1.5,06,2017,Summer
Alabama,201707,80.6,0.7,07,2017,Summer
Alabama,201708,78.8,-0.4,08,2017,Summer
Alabama,201709,73.4,-1.0,09,2017,Fall
Alabama,201710,65.8,2.0,10,2017,Fall
Alabama,201711,55.6,2.2,11,2017,Fall
Alabama,201712,46.9,0.4,12,2017,Winter
Alabama,201801,40.4,-4.5,01,2018,Winter
Alabama,201802,58.0,9.7,02,2018,Winter
Alabama,201803,55.3,0.5,03,2018,Spring
Alabama,201804,59.4,-3.5,04,2018,Spring
Alabama,201805,74.5,3.9,05,2018,Spring
Alabama,201806,79.3,2.0,06,2018,Summer
Alabama,201807,80.7,0.8,07,2018,Summer
Alabama,201808,79.5,0.3,08,2018,Summer
Alabama,201809,79.4,5.0,09,2018,Fall
Alabama,201810,67.5,3.7,10,2018,Fall
Alabama,201811,50.3,-3.1,11,2018,Fall
Alabama,201812,49.0,2.5,12,2018,Winter
Alabama,201901,46.5,1.6,01,2019,Winter
Arizona,201601,41.8,1.1,01,2016,Winter
Arizona,201602,50.6,5.8,02,2016,Winter
Arizona,201603,54.9,5.4,03,2016,Spring
Arizona,201604,58.5,1.6,04,2016,Spring
Arizona,201605,64.6,-0.8,05,2016,Spring
Arizona,201606,80.3,5.8,06,2016,Summer
Arizona,201607,82.4,2.4,07,2016,Summer
Arizona,201608,77.5,-0.4,08,2016,Summer
Arizona,201609,71.6,-0.7,09,2016,Fall
Arizona,201610,66.1,4.8,10,2016,Fall
Arizona,201611,53.1,4.0,11,2016,Fall
Arizona,201612,44.7,3.0,12,2016,Winter
Arizona,201701,42.3,1.6,01,2017,Winter
Arizona,201702,49.4,4.6,02,2017,Winter
Arizona,201703,56.6,7.1,03,2017,Spring
Arizona,201704,59.9,3.0,04,2017,Spring
Arizona,201705,66.1,0.7,05,2017,Spring
Arizona,201706,79.8,5.3,06,2017,Summer
Arizona,201707,81.5,1.5,07,2017,Summer
Arizona,201708,79.1,1.2,08,2017,Summer
Arizona,201709,72.4,0.1,09,2017,Fall
Arizona,201710,65.1,3.8,10,2017,Fall
Arizona,201711,57.6,8.5,11,2017,Fall
Arizona,201712,46.6,4.9,12,2017,Winter
Arizona,201801,47.6,6.9,01,2018,Winter
Arizona,201802,46.8,2.0,02,2018,Winter
Arizona,201803,52.3,2.8,03,2018,Spring
Arizona,201804,62.9,6.0,04,2018,Spring
Arizona,201805,68.5,3.1,05,2018,Spring
Arizona,201806,78.6,4.1,06,2018,Summer
Arizona,201807,82.2,2.2,07,2018,Summer
Arizona,201808,80.2,2.3,08,2018,Summer
Arizona,201809,76.0,3.7,09,2018,Fall
Arizona,201810,59.9,-1.4,10,2018,Fall
Arizona,201811,49.4,0.3,11,2018,Fall
Arizona,201812,42.8,1.1,12,2018,Winter
Arizona,201901,42.4,1.7,01,2019,Winter
Arkansas,201601,39.5,0.5,01,2016,Winter
Arkansas,201602,46.9,3.3,02,2016,Winter
Arkansas,201603,55.5,4.4,03,2016,Spring
Arkansas,201604,62.5,1.8,04,2016,Spring
Arkansas,201605,67.2,-1.6,05,2016,Spring
Arkansas,201606,78.9,2.3,06,2016,Summer
Arkansas,201607,82.0,1.5,07,2016,Summer
Arkansas,201608,80.0,0.6,08,2016,Summer
Arkansas,201609,75.8,3.0,09,2016,Fall
Arkansas,201610,67.0,5.0,10,2016,Fall
Arkansas,201611,55.7,6.1,11,2016,Fall
Arkansas,201612,42.5,0.9,12,2016,Winter
Arkansas,201701,45.2,6.2,01,2017,Winter
Arkansas,201702,52.5,8.9,02,2017,Winter
Arkansas,201703,55.7,4.6,03,2017,Spring
Arkansas,201704,64.2,3.5,04,2017,Spring
Arkansas,201705,67.7,-1.1,05,2017,Spring
Arkansas,201706,75.5,-1.1,06,2017,Summer
Arkansas,201707,80.6,0.1,07,2017,Summer
Arkansas,201708,76.9,-2.5,08,2017,Summer
Arkansas,201709,73.2,0.4,09,2017,Fall
Arkansas,201710,62.9,0.9,10,2017,Fall
Arkansas,201711,53.7,4.1,11,2017,Fall
Arkansas,201712,42.4,0.8,12,2017,Winter
Arkansas,201801,35.7,-3.3,01,2018,Winter
Arkansas,201802,45.9,2.3,02,2018,Winter
Arkansas,201803,53.9,2.8,03,2018,Spring
Arkansas,201804,55.2,-5.5,04,2018,Spring
Arkansas,201805,75.0,6.2,05,2018,Spring
Arkansas,201806,80.1,3.5,06,2018,Summer
Arkansas,201807,81.8,1.3,07,2018,Summer
Arkansas,201808,78.8,-0.6,08,2018,Summer
Arkansas,201809,75.0,2.2,09,2018,Fall
Arkansas,201810,62.6,0.6,10,2018,Fall
Arkansas,201811,45.8,-3.8,11,2018,Fall
Arkansas,201812,44.2,2.6,12,2018,Winter
Arkansas,201901,40.8,1.8,01,2019,Winter
California,201601,44.5,2.0,01,2016,Winter
California,201602,51.8,6.2,02,2016,Winter
California,201603,52.5,3.5,03,2016,Spring
California,201604,57.9,3.7,04,2016,Spring
California,201605,62.2,1.0,05,2016,Spring
California,201606,73.5,5.0,06,2016,Summer
California,201607,76.8,1.9,07,2016,Summer
California,201608,76.2,2.3,08,2016,Summer
California,201609,69.5,0.7,09,2016,Fall
California,201610,60.5,0.6,10,2016,Fall
California,201611,52.8,3.1,11,2016,Fall
California,201612,43.4,0.1,12,2016,Winter
California,201701,42.2,-0.3,01,2017,Winter
California,201702,47.3,1.7,02,2017,Winter
California,201703,53.4,4.4,03,2017,Spring
California,201704,55.6,1.4,04,2017,Spring
California,201705,63.4,2.2,05,2017,Spring
California,201706,72.8,4.3,06,2017,Summer
California,201707,78.8,3.9,07,2017,Summer
California,201708,77.9,4.0,08,2017,Summer
California,201709,69.8,1.0,09,2017,Fall
California,201710,62.0,2.1,10,2017,Fall
California,201711,53.4,3.7,11,2017,Fall
California,201712,47.5,4.2,12,2017,Winter
California,201801,48.8,6.3,01,2018,Winter
California,201802,46.5,0.9,02,2018,Winter
California,201803,48.9,-0.1,03,2018,Spring
California,201804,57.1,2.9,04,2018,Spring
California,201805,63.0,1.8,05,2018,Spring
California,201806,71.4,2.9,06,2018,Summer
California,201807,79.6,4.7,07,2018,Summer
California,201808,76.4,2.5,08,2018,Summer
California,201809,71.1,2.3,09,2018,Fall
California,201810,60.9,1.0,10,2018,Fall
California,201811,52.6,2.9,11,2018,Fall
California,201812,44.7,1.4,12,2018,Winter
California,201901,46.0,3.5,01,2019,Winter
Colorado,201601,25.6,1.8,01,2016,Winter
Colorado,201602,32.4,4.6,02,2016,Winter
Colorado,201603,37.9,4.1,03,2016,Spring
Colorado,201604,43.7,1.0,04,2016,Spring
Colorado,201605,50.8,-1.4,05,2016,Spring
Colorado,201606,66.4,4.9,06,2016,Summer
Colorado,201607,69.2,1.8,07,2016,Summer
Colorado,201608,64.5,-0.9,08,2016,Summer
Colorado,201609,59.7,2.2,09,2016,Fall
Colorado,201610,51.8,5.0,10,2016,Fall
Colorado,201611,40.2,6.8,11,2016,Fall
Colorado,201612,25.2,-0.5,12,2016,Winter
Colorado,201701,25.3,1.5,01,2017,Winter
Colorado,201702,35.4,7.6,02,2017,Winter
Colorado,201703,42.5,8.7,03,2017,Spring
Colorado,201704,44.3,1.6,04,2017,Spring
Colorado,201705,51.5,-0.7,05,2017,Spring
Colorado,201706,64.8,3.3,06,2017,Summer
Colorado,201707,69.4,2.0,07,2017,Summer
Colorado,201708,64.7,-0.7,08,2017,Summer
Colorado,201709,59.1,1.6,09,2017,Fall
Colorado,201710,46.7,-0.1,10,2017,Fall
Colorado,201711,41.3,7.9,11,2017,Fall
Colorado,201712,30.1,4.4,12,2017,Winter
Colorado,201801,29.7,5.9,01,2018,Winter
Colorado,201802,28.6,0.8,02,2018,Winter
Colorado,201803,37.8,4.0,03,2018,Spring
Colorado,201804,43.9,1.2,04,2018,Spring
Colorado,201805,57.2,5.0,05,2018,Spring
Colorado,201806,66.4,4.9,06,2018,Summer
Colorado,201807,69.9,2.5,07,2018,Summer
Colorado,201808,66.2,0.8,08,2018,Summer
Colorado,201809,61.8,4.3,09,2018,Fall
Colorado,201810,45.0,-1.8,10,2018,Fall
Colorado,201811,32.6,-0.8,11,2018,Fall
Colorado,201812,26.6,0.9,12,2018,Winter
Colorado,201901,25.9,2.1,01,2019,Winter
Connecticut,201601,29.7,4.1,01,2016,Winter
Connecticut,201602,32.0,4.7,02,2016,Winter
Connecticut,201603,43.2,7.5,03,2016,Spring
Connecticut,201604,46.8,0.6,04,2016,Spring
Connecticut,201605,58.4,1.4,05,2016,Spring
Connecticut,201606,67.4,1.6,06,2016,Summer
Connecticut,201607,74.1,3.3,07,2016,Summer
Connecticut,201608,73.9,4.9,08,2016,Summer
Connecticut,201609,66.2,4.6,09,2016,Fall
Connecticut,201610,53.5,2.5,10,2016,Fall
Connecticut,201611,43.5,2.7,11,2016,Fall
Connecticut,201612,32.6,2.9,12,2016,Winter
Connecticut,201701,32.7,7.1,01,2017,Winter
Connecticut,201702,34.6,7.3,02,2017,Winter
Connecticut,201703,33.4,-2.3,03,2017,Spring
Connecticut,201704,51.8,5.6,04,2017,Spring
Connecticut,201705,56.7,-0.3,05,2017,Spring
Connecticut,201706,67.0,1.2,06,2017,Summer
Connecticut,201707,71.5,0.7,07,2017,Summer
Connecticut,201708,69.1,0.1,08,2017,Summer
Connecticut,201709,66.0,4.4,09,2017,Fall
Connecticut,201710,58.6,7.6,10,2017,Fall
Connecticut,201711,41.0,0.2,11,2017,Fall
Connecticut,201712,28.7,-1.0,12,2017,Winter
Connecticut,201801,25.4,-0.2,01,2018,Winter
Connecticut,201802,35.6,8.3,02,2018,Winter
Connecticut,201803,36.4,0.7,03,2018,Spring
Connecticut,201804,43.4,-2.8,04,2018,Spring
Connecticut,201805,62.1,5.1,05,2018,Spring
Connecticut,201806,66.3,0.5,06,2018,Summer
Connecticut,201807,73.9,3.1,07,2018,Summer
Connecticut,201808,74.3,5.3,08,2018,Summer
Connecticut,201809,66.1,4.5,09,2018,Fall
Connecticut,201810,52.3,1.3,10,2018,Fall
Connecticut,201811,39.1,-1.7,11,2018,Fall
Connecticut,201812,33.9,4.2,12,2018,Winter
Connecticut,201901,27.1,1.5,01,2019,Winter
Delaware,201601,34.3,0.9,01,2016,Winter
Delaware,201602,38.5,3.5,02,2016,Winter
Delaware,201603,49.7,7.0,03,2016,Spring
Delaware,201604,53.1,0.9,04,2016,Spring
Delaware,201605,61.7,-0.6,05,2016,Spring
Delaware,201606,72.4,1.4,06,2016,Summer
Delaware,201607,79.6,3.9,07,2016,Summer
Delaware,201608,78.6,4.6,08,2016,Summer
Delaware,201609,72.0,4.4,09,2016,Fall
Delaware,201610,60.3,3.9,10,2016,Fall
Delaware,201611,49.0,2.9,11,2016,Fall
Delaware,201612,39.2,2.6,12,2016,Winter
Delaware,201701,39.1,5.7,01,2017,Winter
Delaware,201702,44.4,9.4,02,2017,Winter
Delaware,201703,43.8,1.1,03,2017,Spring
Delaware,201704,59.6,7.4,04,2017,Spring
Delaware,201705,62.8,0.5,05,2017,Spring
Delaware,201706,73.6,2.6,06,2017,Summer
Delaware,201707,78.4,2.7,07,2017,Summer
Delaware,201708,74.0,0.0,08,2017,Summer
Delaware,201709,69.8,2.2,09,2017,Fall
Delaware,201710,62.4,6.0,10,2017,Fall
Delaware,201711,47.5,1.4,11,2017,Fall
Delaware,201712,36.1,-0.5,12,2017,Winter
Delaware,201801,32.4,-1.0,01,2018,Winter
Delaware,201802,42.8,7.8,02,2018,Winter
Delaware,201803,40.2,-2.5,03,2018,Spring
Delaware,201804,51.2,-1.0,04,2018,Spring
Delaware,201805,67.9,5.6,05,2018,Spring
Delaware,201806,72.6,1.6,06,2018,Summer
Delaware,201807,77.2,1.5,07,2018,Summer
Delaware,201808,78.5,4.5,08,2018,Summer
Delaware,201809,73.2,5.6,09,2018,Fall
Delaware,201810,59.8,3.4,10,2018,Fall
Delaware,201811,45.0,-1.1,11,2018,Fall
Delaware,201812,40.8,4.2,12,2018,Winter
Delaware,201901,34.6,1.2,01,2019,Winter
Florida,201601,56.9,-0.9,01,2016,Winter
Florida,201602,59.4,-0.3,02,2016,Winter
Florida,201603,68.8,4.8,03,2016,Spring
Florida,201604,71.2,1.8,04,2016,Spring
Florida,201605,76.2,1.0,05,2016,Spring
Florida,201606,81.9,2.3,06,2016,Summer
Florida,201607,84.0,2.8,07,2016,Summer
Florida,201608,83.0,1.8,08,2016,Summer
Florida,201609,81.1,1.9,09,2016,Fall
Florida,201610,74.6,2.2,10,2016,Fall
Florida,201611,66.6,2.1,11,2016,Fall
Florida,201612,65.9,6.9,12,2016,Winter
Florida,201701,62.8,5.0,01,2017,Winter
Florida,201702,65.5,5.8,02,2017,Winter
Florida,201703,66.2,2.2,03,2017,Spring
Florida,201704,72.3,2.9,04,2017,Spring
Florida,201705,77.1,1.9,05,2017,Spring
Florida,201706,80.2,0.6,06,2017,Summer
Florida,201707,82.8,1.6,07,2017,Summer
Florida,201708,82.8,1.6,08,2017,Summer
Florida,201709,80.4,1.2,09,2017,Fall
Florida,201710,74.9,2.5,10,2017,Fall
Florida,201711,67.4,2.9,11,2017,Fall
Florida,201712,61.7,2.7,12,2017,Winter
Florida,201801,55.0,-2.8,01,2018,Winter
Florida,201802,69.2,9.5,02,2018,Winter
Florida,201803,63.0,-1.0,03,2018,Spring
Florida,201804,70.2,0.8,04,2018,Spring
Florida,201805,76.5,1.3,05,2018,Spring
Florida,201806,81.6,2.0,06,2018,Summer
Florida,201807,82.4,1.2,07,2018,Summer
Florida,201808,82.2,1.0,08,2018,Summer
Florida,201809,82.3,3.1,09,2018,Fall
Florida,201810,76.5,4.1,10,2018,Fall
Florida,201811,66.8,2.3,11,2018,Fall
Florida,201812,61.8,2.8,12,2018,Winter
Florida,201901,58.5,0.7,01,2019,Winter
Georgia,201601,44.4,-1.7,01,2016,Winter
Georgia,201602,50.0,0.9,02,2016,Winter
Georgia,201603,60.9,5.7,03,2016,Spring
Georgia,201604,63.9,0.8,04,2016,Spring
Georgia,201605,70.8,0.0,05,2016,Spring
Georgia,201606,79.7,2.5,06,2016,Summer
Georgia,201607,82.8,3.1,07,2016,Summer
Georgia,201608,81.6,2.6,08,2016,Summer
Georgia,201609,77.5,3.1,09,2016,Fall
Georgia,201610,67.8,3.6,10,2016,Fall
Georgia,201611,58.0,3.6,11,2016,Fall
Georgia,201612,52.1,4.8,12,2016,Winter
Georgia,201701,53.2,7.1,01,2017,Winter
Georgia,201702,56.5,7.4,02,2017,Winter
Georgia,201703,58.0,2.8,03,2017,Spring
Georgia,201704,67.5,4.4,04,2017,Spring
Georgia,201705,71.4,0.6,05,2017,Spring
Georgia,201706,76.6,-0.6,06,2017,Summer
Georgia,201707,80.6,0.9,07,2017,Summer
Georgia,201708,79.4,0.4,08,2017,Summer
Georgia,201709,74.0,-0.4,09,2017,Fall
Georgia,201710,67.0,2.8,10,2017,Fall
Georgia,201711,56.4,2.0,11,2017,Fall
Georgia,201712,49.3,2.0,12,2017,Winter
Georgia,201801,42.4,-3.7,01,2018,Winter
Georgia,201802,59.1,10.0,02,2018,Winter
Georgia,201803,54.5,-0.7,03,2018,Spring
Georgia,201804,60.5,-2.6,04,2018,Spring
Georgia,201805,73.7,2.9,05,2018,Spring
Georgia,201806,79.3,2.1,06,2018,Summer
Georgia,201807,80.1,0.4,07,2018,Summer
Georgia,201808,79.3,0.3,08,2018,Summer
Georgia,201809,79.8,5.4,09,2018,Fall
Georgia,201810,68.3,4.1,10,2018,Fall
Georgia,201811,53.2,-1.2,11,2018,Fall
Georgia,201812,50.2,2.9,12,2018,Winter
Georgia,201901,48.2,2.1,01,2019,Winter
Idaho,201601,25.8,3.7,01,2016,Winter
Idaho,201602,31.9,5.1,02,2016,Winter
Idaho,201603,37.0,4.2,03,2016,Spring
Idaho,201604,47.0,5.9,04,2016,Spring
Idaho,201605,50.6,1.1,05,2016,Spring
Idaho,201606,61.2,4.4,06,2016,Summer
Idaho,201607,64.8,-0.5,07,2016,Summer
Idaho,201608,64.7,1.0,08,2016,Summer
Idaho,201609,54.6,-0.3,09,2016,Fall
Idaho,201610,45.7,1.5,10,2016,Fall
Idaho,201611,38.7,7.2,11,2016,Fall
Idaho,201612,19.1,-5.1,12,2016,Winter
Idaho,201701,18.5,-3.6,01,2017,Winter
Idaho,201702,29.5,2.7,02,2017,Winter
Idaho,201703,38.5,5.7,03,2017,Spring
Idaho,201704,40.3,-0.8,04,2017,Spring
Idaho,201705,50.6,1.1,05,2017,Spring
Idaho,201706,59.1,2.3,06,2017,Summer
Idaho,201707,70.0,4.7,07,2017,Summer
Idaho,201708,66.9,3.2,08,2017,Summer
Idaho,201709,55.7,0.8,09,2017,Fall
Idaho,201710,41.9,-2.3,10,2017,Fall
Idaho,201711,34.9,3.4,11,2017,Fall
Idaho,201712,25.2,1.0,12,2017,Winter
Idaho,201801,30.4,8.3,01,2018,Winter
Idaho,201802,26.2,-0.6,02,2018,Winter
Idaho,201803,33.7,0.9,03,2018,Spring
Idaho,201804,42.4,1.3,04,2018,Spring
Idaho,201805,53.9,4.4,05,2018,Spring
Idaho,201806,57.7,0.9,06,2018,Summer
Idaho,201807,68.4,3.1,07,2018,Summer
Idaho,201808,65.0,1.3,08,2018,Summer
Idaho,201809,56.2,1.3,09,2018,Fall
Idaho,201810,44.1,-0.1,10,2018,Fall
Idaho,201811,32.0,0.5,11,2018,Fall
Idaho,201812,24.3,0.1,12,2018,Winter
Idaho,201901,26.2,4.1,01,2019,Winter
Illinois,201601,26.9,1.6,01,2016,Winter
Illinois,201602,33.8,3.8,02,2016,Winter
Illinois,201603,47.3,7.5,03,2016,Spring
Illinois,201604,53.0,1.2,04,2016,Spring
Illinois,201605,62.0,-0.3,05,2016,Spring
Illinois,201606,74.8,3.2,06,2016,Summer
Illinois,201607,75.6,0.0,07,2016,Summer
Illinois,201608,75.7,2.2,08,2016,Summer
Illinois,201609,70.8,4.5,09,2016,Fall
Illinois,201610,59.9,5.1,10,2016,Fall
Illinois,201611,48.1,7.3,11,2016,Fall
Illinois,201612,28.9,-0.8,12,2016,Winter
Illinois,201701,32.1,6.8,01,2017,Winter
Illinois,201702,41.1,11.1,02,2017,Winter
Illinois,201703,43.2,3.4,03,2017,Spring
Illinois,201704,56.5,4.7,04,2017,Spring
Illinois,201705,61.9,-0.4,05,2017,Spring
Illinois,201706,72.7,1.1,06,2017,Summer
Illinois,201707,76.1,0.5,07,2017,Summer
Illinois,201708,70.5,-3.0,08,2017,Summer
Illinois,201709,68.8,2.5,09,2017,Fall
Illinois,201710,58.1,3.3,10,2017,Fall
Illinois,201711,41.9,1.1,11,2017,Fall
Illinois,201712,29.8,0.1,12,2017,Winter
Illinois,201801,24.1,-1.2,01,2018,Winter
Illinois,201802,31.8,1.8,02,2018,Winter
Illinois,201803,39.2,-0.6,03,2018,Spring
Illinois,201804,44.8,-7.0,04,2018,Spring
Illinois,201805,70.7,8.4,05,2018,Spring
Illinois,201806,74.9,3.3,06,2018,Summer
Illinois,201807,75.0,-0.6,07,2018,Summer
Illinois,201808,74.7,1.2,08,2018,Summer
Illinois,201809,70.3,4.0,09,2018,Fall
Illinois,201810,54.2,-0.6,10,2018,Fall
Illinois,201811,35.6,-5.2,11,2018,Fall
Illinois,201812,34.4,4.7,12,2018,Winter
Illinois,201901,25.4,0.1,01,2019,Winter
Indiana,201601,27.5,1.0,01,2016,Winter
Indiana,201602,33.9,3.7,02,2016,Winter
Indiana,201603,47.3,7.9,03,2016,Spring
Indiana,201604,52.0,1.1,04,2016,Spring
Indiana,201605,60.6,-0.8,05,2016,Spring
Indiana,201606,72.9,2.3,06,2016,Summer
Indiana,201607,74.6,0.1,07,2016,Summer
Indiana,201608,75.7,3.3,08,2016,Summer
Indiana,201609,69.9,4.2,09,2016,Fall
Indiana,201610,59.5,5.5,10,2016,Fall
Indiana,201611,47.0,5.8,11,2016,Fall
Indiana,201612,29.8,-0.7,12,2016,Winter
Indiana,201701,33.8,7.3,01,2017,Winter
Indiana,201702,41.3,11.1,02,2017,Winter
Indiana,201703,42.6,3.2,03,2017,Spring
Indiana,201704,57.0,6.1,04,2017,Spring
Indiana,201705,60.9,-0.5,05,2017,Spring
Indiana,201706,71.1,0.5,06,2017,Summer
Indiana,201707,74.2,-0.3,07,2017,Summer
Indiana,201708,70.0,-2.4,08,2017,Summer
Indiana,201709,67.2,1.5,09,2017,Fall
Indiana,201710,57.6,3.6,10,2017,Fall
Indiana,201711,42.4,1.2,11,2017,Fall
Indiana,201712,29.6,-0.9,12,2017,Winter
Indiana,201801,24.5,-2.0,01,2018,Winter
Indiana,201802,35.1,4.9,02,2018,Winter
Indiana,201803,38.3,-1.1,03,2018,Spring
Indiana,201804,45.2,-5.7,04,2018,Spring
Indiana,201805,69.7,8.3,05,2018,Spring
Indiana,201806,73.4,2.8,06,2018,Summer
Indiana,201807,74.2,-0.3,07,2018,Summer
Indiana,201808,74.0,1.6,08,2018,Summer
Indiana,201809,69.8,4.1,09,2018,Fall
Indiana,201810,54.9,0.9,10,2018,Fall
Indiana,201811,36.9,-4.3,11,2018,Fall
Indiana,201812,35.4,4.9,12,2018,Winter
Indiana,201901,26.9,0.4,01,2019,Winter
Iowa,201601,19.6,1.9,01,2016,Winter
Iowa,201602,28.6,5.1,02,2016,Winter
Iowa,201603,42.4,7.9,03,2016,Spring
Iowa,201604,50.1,1.8,04,2016,Spring
Iowa,201605,59.5,-0.5,05,2016,Spring
Iowa,201606,73.0,3.7,06,2016,Summer
Iowa,201607,72.8,-1.1,07,2016,Summer
Iowa,201608,72.0,0.5,08,2016,Summer
Iowa,201609,67.3,4.3,09,2016,Fall
Iowa,201610,55.3,3.8,10,2016,Fall
Iowa,201611,45.1,9.6,11,2016,Fall
Iowa,201612,22.9,0.0,12,2016,Winter
Iowa,201701,24.2,6.5,01,2017,Winter
Iowa,201702,34.5,11.0,02,2017,Winter
Iowa,201703,37.5,3.0,03,2017,Spring
Iowa,201704,51.1,2.8,04,2017,Spring
Iowa,201705,58.5,-1.5,05,2017,Spring
Iowa,201706,71.1,1.8,06,2017,Summer
Iowa,201707,74.7,0.8,07,2017,Summer
Iowa,201708,67.8,-3.7,08,2017,Summer
Iowa,201709,66.7,3.7,09,2017,Fall
Iowa,201710,53.3,1.8,10,2017,Fall
Iowa,201711,36.2,0.7,11,2017,Fall
Iowa,201712,24.4,1.5,12,2017,Winter
Iowa,201801,17.8,0.1,01,2018,Winter
Iowa,201802,20.5,-3.0,02,2018,Winter
Iowa,201803,35.2,0.7,03,2018,Spring
Iowa,201804,39.3,-9.0,04,2018,Spring
Iowa,201805,67.0,7.0,05,2018,Spring
Iowa,201806,73.1,3.8,06,2018,Summer
Iowa,201807,73.1,-0.8,07,2018,Summer
Iowa,201808,71.8,0.3,08,2018,Summer
Iowa,201809,65.9,2.9,09,2018,Fall
Iowa,201810,48.2,-3.3,10,2018,Fall
Iowa,201811,30.0,-5.5,11,2018,Fall
Iowa,201812,28.0,5.1,12,2018,Winter
Iowa,201901,18.7,1.0,01,2019,Winter
Kansas,201601,32.0,3.4,01,2016,Winter
Kansas,201602,40.8,6.5,02,2016,Winter
Kansas,201603,49.7,7.3,03,2016,Spring
Kansas,201604,56.3,2.5,04,2016,Spring
Kansas,201605,61.6,-2.1,05,2016,Spring
Kansas,201606,77.5,3.9,06,2016,Summer
Kansas,201607,79.7,0.5,07,2016,Summer
Kansas,201608,76.4,-1.0,08,2016,Summer
Kansas,201609,70.8,2.2,09,2016,Fall
Kansas,201610,61.5,4.7,10,2016,Fall
Kansas,201611,49.9,8.1,11,2016,Fall
Kansas,201612,29.8,-2.3,12,2016,Winter
Kansas,201701,33.0,4.4,01,2017,Winter
Kansas,201702,43.1,8.8,02,2017,Winter
Kansas,201703,48.9,6.5,03,2017,Spring
Kansas,201704,55.6,1.8,04,2017,Spring
Kansas,201705,62.2,-1.5,05,2017,Spring
Kansas,201706,75.1,1.5,06,2017,Summer
Kansas,201707,80.1,0.9,07,2017,Summer
Kansas,201708,73.1,-4.3,08,2017,Summer
Kansas,201709,70.5,1.9,09,2017,Fall
Kansas,201710,57.6,0.8,10,2017,Fall
Kansas,201711,45.2,3.4,11,2017,Fall
Kansas,201712,33.6,1.5,12,2017,Winter
Kansas,201801,29.9,1.3,01,2018,Winter
Kansas,201802,31.9,-2.4,02,2018,Winter
Kansas,201803,45.9,3.5,03,2018,Spring
Kansas,201804,47.6,-6.2,04,2018,Spring
Kansas,201805,71.1,7.4,05,2018,Spring
Kansas,201806,78.1,4.5,06,2018,Summer
Kansas,201807,78.7,-0.5,07,2018,Summer
Kansas,201808,75.7,-1.7,08,2018,Summer
Kansas,201809,70.1,1.5,09,2018,Fall
Kansas,201810,53.6,-3.2,10,2018,Fall
Kansas,201811,38.2,-3.6,11,2018,Fall
Kansas,201812,34.3,2.2,12,2018,Winter
Kansas,201901,31.3,2.7,01,2019,Winter
Kentucky,201601,31.6,-1.9,01,2016,Winter
Kentucky,201602,38.9,1.9,02,2016,Winter
Kentucky,201603,51.8,6.7,03,2016,Spring
Kentucky,201604,57.3,1.9,04,2016,Spring
Kentucky,201605,62.9,-1.5,05,2016,Spring
Kentucky,201606,74.9,2.4,06,2016,Summer
Kentucky,201607,77.9,1.7,07,2016,Summer
Kentucky,201608,78.0,3.2,08,2016,Summer
Kentucky,201609,72.2,3.7,09,2016,Fall
Kentucky,201610,62.7,5.8,10,2016,Fall
Kentucky,201611,49.9,4.6,11,2016,Fall
Kentucky,201612,37.0,0.6,12,2016,Winter
Kentucky,201701,40.9,7.4,01,2017,Winter
Kentucky,201702,46.2,9.2,02,2017,Winter
Kentucky,201703,47.9,2.8,03,2017,Spring
Kentucky,201704,61.5,6.1,04,2017,Spring
Kentucky,201705,65.0,0.6,05,2017,Spring
Kentucky,201706,71.7,-0.8,06,2017,Summer
Kentucky,201707,76.9,0.7,07,2017,Summer
Kentucky,201708,73.1,-1.7,08,2017,Summer
Kentucky,201709,68.3,-0.2,09,2017,Fall
Kentucky,201710,59.4,2.5,10,2017,Fall
Kentucky,201711,47.1,1.8,11,2017,Fall
Kentucky,201712,35.8,-0.6,12,2017,Winter
Kentucky,201801,30.0,-3.5,01,2018,Winter
Kentucky,201802,44.6,7.6,02,2018,Winter
Kentucky,201803,44.1,-1.0,03,2018,Spring
Kentucky,201804,50.7,-4.7,04,2018,Spring
Kentucky,201805,71.9,7.5,05,2018,Spring
Kentucky,201806,75.5,3.0,06,2018,Summer
Kentucky,201807,76.6,0.4,07,2018,Summer
Kentucky,201808,75.8,1.0,08,2018,Summer
Kentucky,201809,73.1,4.6,09,2018,Fall
Kentucky,201810,58.9,2.0,10,2018,Fall
Kentucky,201811,41.9,-3.4,11,2018,Fall
Kentucky,201812,40.5,4.1,12,2018,Winter
Kentucky,201901,35.1,1.6,01,2019,Winter
Louisiana,201601,48.8,-0.3,01,2016,Winter
Louisiana,201602,55.1,2.5,02,2016,Winter
Louisiana,201603,63.8,5.1,03,2016,Spring
Louisiana,201604,68.2,1.8,04,2016,Spring
Louisiana,201605,73.3,-0.2,05,2016,Spring
Louisiana,201606,80.9,1.2,06,2016,Summer
Louisiana,201607,83.7,1.8,07,2016,Summer
Louisiana,201608,82.4,0.9,08,2016,Summer
Louisiana,201609,80.2,3.1,09,2016,Fall
Louisiana,201610,71.4,3.9,10,2016,Fall
Louisiana,201611,62.4,5.1,11,2016,Fall
Louisiana,201612,54.7,3.8,12,2016,Winter
Louisiana,201701,56.8,7.7,01,2017,Winter
Louisiana,201702,61.7,9.1,02,2017,Winter
Louisiana,201703,64.4,5.7,03,2017,Spring
Louisiana,201704,69.4,3.0,04,2017,Spring
Louisiana,201705,71.8,-1.7,05,2017,Spring
Louisiana,201706,78.5,-1.2,06,2017,Summer
Louisiana,201707,82.4,0.5,07,2017,Summer
Louisiana,201708,81.0,-0.5,08,2017,Summer
Louisiana,201709,77.0,-0.1,09,2017,Fall
Louisiana,201710,69.2,1.7,10,2017,Fall
Louisiana,201711,61.6,4.3,11,2017,Fall
Louisiana,201712,50.8,-0.1,12,2017,Winter
Louisiana,201801,44.2,-4.9,01,2018,Winter
Louisiana,201802,60.5,7.9,02,2018,Winter
Louisiana,201803,62.2,3.5,03,2018,Spring
Louisiana,201804,62.7,-3.7,04,2018,Spring
Louisiana,201805,77.7,4.2,05,2018,Spring
Louisiana,201806,82.1,2.4,06,2018,Summer
Louisiana,201807,83.5,1.6,07,2018,Summer
Louisiana,201808,82.0,0.5,08,2018,Summer
Louisiana,201809,80.1,3.0,09,2018,Fall
Louisiana,201810,70.7,3.2,10,2018,Fall
Louisiana,201811,54.8,-2.5,11,2018,Fall
Louisiana,201812,52.6,1.7,12,2018,Winter
Louisiana,201901,49.9,0.8,01,2019,Winter
Maine,201601,20.1,6.5,01,2016,Winter
Maine,201602,21.9,6.1,02,2016,Winter
Maine,201603,29.2,3.0,03,2016,Spring
Maine,201604,37.3,-1.1,04,2016,Spring
Maine,201605,52.8,2.1,05,2016,Spring
Maine,201606,60.5,0.3,06,2016,Summer
Maine,201607,67.0,1.6,07,2016,Summer
Maine,201608,66.6,3.1,08,2016,Summer
Maine,201609,59.1,4.1,09,2016,Fall
Maine,201610,46.9,2.6,10,2016,Fall
Maine,201611,37.2,4.4,11,2016,Fall
Maine,201612,20.5,1.4,12,2016,Winter
Maine,201701,21.5,7.9,01,2017,Winter
Maine,201702,20.6,4.8,02,2017,Winter
Maine,201703,22.2,-4.0,03,2017,Spring
Maine,201704,42.0,3.6,04,2017,Spring
Maine,201705,50.7,0.0,05,2017,Spring
Maine,201706,61.0,0.8,06,2017,Summer
Maine,201707,65.2,-0.2,07,2017,Summer
Maine,201708,63.3,-0.2,08,2017,Summer
Maine,201709,61.1,6.1,09,2017,Fall
Maine,201710,52.0,7.7,10,2017,Fall
Maine,201711,32.4,-0.4,11,2017,Fall
Maine,201712,16.4,-2.7,12,2017,Winter
Maine,201801,15.0,1.4,01,2018,Winter
Maine,201802,22.6,6.8,02,2018,Winter
Maine,201803,28.9,2.7,03,2018,Spring
Maine,201804,36.6,-1.8,04,2018,Spring
Maine,201805,53.6,2.9,05,2018,Spring
Maine,201806,59.0,-1.2,06,2018,Summer
Maine,201807,68.9,3.5,07,2018,Summer
Maine,201808,68.1,4.6,08,2018,Summer
Maine,201809,58.0,3.0,09,2018,Fall
Maine,201810,41.9,-2.4,10,2018,Fall
Maine,201811,28.8,-4.0,11,2018,Fall
Maine,201812,20.4,1.3,12,2018,Winter
Maine,201901,14.2,0.6,01,2019,Winter
Maryland,201601,32.1,-0.5,01,2016,Winter
Maryland,201602,36.9,2.4,02,2016,Winter
Maryland,201603,49.4,7.0,03,2016,Spring
Maryland,201604,53.1,0.8,04,2016,Spring
Maryland,201605,60.9,-1.5,05,2016,Spring
Maryland,201606,72.2,1.3,06,2016,Summer
Maryland,201607,78.4,3.1,07,2016,Summer
Maryland,201608,78.0,4.5,08,2016,Summer
Maryland,201609,71.5,4.4,09,2016,Fall
Maryland,201610,59.4,3.6,10,2016,Fall
Maryland,201611,47.7,2.4,11,2016,Fall
Maryland,201612,38.0,2.3,12,2016,Winter
Maryland,201701,38.3,5.7,01,2017,Winter
Maryland,201702,43.7,9.2,02,2017,Winter
Maryland,201703,43.1,0.7,03,2017,Spring
Maryland,201704,59.5,7.2,04,2017,Spring
Maryland,201705,62.2,-0.2,05,2017,Spring
Maryland,201706,72.6,1.7,06,2017,Summer
Maryland,201707,77.4,2.1,07,2017,Summer
Maryland,201708,72.8,-0.7,08,2017,Summer
Maryland,201709,68.3,1.2,09,2017,Fall
Maryland,201710,61.2,5.4,10,2017,Fall
Maryland,201711,45.8,0.5,11,2017,Fall
Maryland,201712,35.3,-0.4,12,2017,Winter
Maryland,201801,31.0,-1.6,01,2018,Winter
Maryland,201802,41.6,7.1,02,2018,Winter
Maryland,201803,39.2,-3.2,03,2018,Spring
Maryland,201804,50.6,-1.7,04,2018,Spring
Maryland,201805,68.6,6.2,05,2018,Spring
Maryland,201806,72.0,1.1,06,2018,Summer
Maryland,201807,76.2,0.9,07,2018,Summer
Maryland,201808,77.0,3.5,08,2018,Summer
Maryland,201809,72.6,5.5,09,2018,Fall
Maryland,201810,59.0,3.2,10,2018,Fall
Maryland,201811,43.4,-1.9,11,2018,Fall
Maryland,201812,39.2,3.5,12,2018,Winter
Maryland,201901,33.6,1.0,01,2019,Winter
Massachusetts,201601,28.5,4.2,01,2016,Winter
Massachusetts,201602,30.9,5.0,02,2016,Winter
Massachusetts,201603,41.0,6.6,03,2016,Spring
Massachusetts,201604,45.0,0.1,04,2016,Spring
Massachusetts,201605,57.2,1.3,05,2016,Spring
Massachusetts,201606,66.1,1.4,06,2016,Summer
Massachusetts,201607,72.6,2.7,07,2016,Summer
Massachusetts,201608,72.5,4.5,08,2016,Summer
Massachusetts,201609,64.6,4.1,09,2016,Fall
Massachusetts,201610,52.2,2.2,10,2016,Fall
Massachusetts,201611,42.2,2.4,11,2016,Fall
Massachusetts,201612,31.0,2.5,12,2016,Winter
Massachusetts,201701,31.5,7.2,01,2017,Winter
Massachusetts,201702,33.0,7.1,02,2017,Winter
Massachusetts,201703,31.5,-2.9,03,2017,Spring
Massachusetts,201704,50.2,5.3,04,2017,Spring
Massachusetts,201705,55.2,-0.7,05,2017,Spring
Massachusetts,201706,66.0,1.3,06,2017,Summer
Massachusetts,201707,70.0,0.1,07,2017,Summer
Massachusetts,201708,68.0,0.0,08,2017,Summer
Massachusetts,201709,65.1,4.6,09,2017,Fall
Massachusetts,201710,57.5,7.5,10,2017,Fall
Massachusetts,201711,40.3,0.5,11,2017,Fall
Massachusetts,201712,26.6,-1.9,12,2017,Winter
Massachusetts,201801,24.5,0.2,01,2018,Winter
Massachusetts,201802,34.2,8.3,02,2018,Winter
Massachusetts,201803,34.9,0.5,03,2018,Spring
Massachusetts,201804,42.3,-2.6,04,2018,Spring
Massachusetts,201805,60.8,4.9,05,2018,Spring
Massachusetts,201806,64.8,0.1,06,2018,Summer
Massachusetts,201807,73.2,3.3,07,2018,Summer
Massachusetts,201808,73.5,5.5,08,2018,Summer
Massachusetts,201809,65.2,4.7,09,2018,Fall
Massachusetts,201810,50.3,0.3,10,2018,Fall
Massachusetts,201811,37.8,-2.0,11,2018,Fall
Massachusetts,201812,32.1,3.6,12,2018,Winter
Massachusetts,201901,25.9,1.6,01,2019,Winter
Michigan,201601,22.3,3.9,01,2016,Winter
Michigan,201602,25.3,5.2,02,2016,Winter
Michigan,201603,36.1,6.9,03,2016,Spring
Michigan,201604,40.8,-1.3,04,2016,Spring
Michigan,201605,55.4,1.6,05,2016,Spring
Michigan,201606,64.7,1.2,06,2016,Summer
Michigan,201607,70.3,2.1,07,2016,Summer
Michigan,201608,70.8,4.6,08,2016,Summer
Michigan,201609,63.5,5.0,09,2016,Fall
Michigan,201610,51.6,4.0,10,2016,Fall
Michigan,201611,42.6,7.9,11,2016,Fall
Michigan,201612,25.0,1.4,12,2016,Winter
Michigan,201701,25.2,6.8,01,2017,Winter
Michigan,201702,29.9,9.8,02,2017,Winter
Michigan,201703,30.7,1.5,03,2017,Spring
Michigan,201704,47.2,5.1,04,2017,Spring
Michigan,201705,53.0,-0.8,05,2017,Spring
Michigan,201706,65.3,1.8,06,2017,Summer
Michigan,201707,68.5,0.3,07,2017,Summer
Michigan,201708,65.2,-1.0,08,2017,Summer
Michigan,201709,62.6,4.1,09,2017,Fall
Michigan,201710,52.5,4.9,10,2017,Fall
Michigan,201711,34.5,-0.2,11,2017,Fall
Michigan,201712,20.9,-2.7,12,2017,Winter
Michigan,201801,20.0,1.6,01,2018,Winter
Michigan,201802,23.0,2.9,02,2018,Winter
Michigan,201803,29.6,0.4,03,2018,Spring
Michigan,201804,35.3,-6.8,04,2018,Spring
Michigan,201805,60.3,6.5,05,2018,Spring
Michigan,201806,65.2,1.7,06,2018,Summer
Michigan,201807,70.5,2.3,07,2018,Summer
Michigan,201808,69.8,3.6,08,2018,Summer
Michigan,201809,62.4,3.9,09,2018,Fall
Michigan,201810,45.9,-1.7,10,2018,Fall
Michigan,201811,30.8,-3.9,11,2018,Fall
Michigan,201812,28.7,5.1,12,2018,Winter
Michigan,201901,16.8,-1.6,01,2019,Winter
Minnesota,201601,12.6,5.8,01,2016,Winter
Minnesota,201602,19.9,6.9,02,2016,Winter
Minnesota,201603,35.7,10.2,03,2016,Spring
Minnesota,201604,42.5,1.0,04,2016,Spring
Minnesota,201605,56.7,2.1,05,2016,Spring
Minnesota,201606,65.6,1.7,06,2016,Summer
Minnesota,201607,69.3,0.3,07,2016,Summer
Minnesota,201608,68.1,1.4,08,2016,Summer
Minnesota,201609,60.7,3.9,09,2016,Fall
Minnesota,201610,48.2,3.0,10,2016,Fall
Minnesota,201611,40.2,12.5,11,2016,Fall
Minnesota,201612,15.3,2.2,12,2016,Winter
Minnesota,201701,14.6,7.8,01,2017,Winter
Minnesota,201702,23.9,10.9,02,2017,Winter
Minnesota,201703,28.2,2.7,03,2017,Spring
Minnesota,201704,44.4,2.9,04,2017,Spring
Minnesota,201705,53.6,-1.0,05,2017,Spring
Minnesota,201706,65.0,1.1,06,2017,Summer
Minnesota,201707,69.2,0.2,07,2017,Summer
Minnesota,201708,64.0,-2.7,08,2017,Summer
Minnesota,201709,60.8,4.0,09,2017,Fall
Minnesota,201710,47.1,1.9,10,2017,Fall
Minnesota,201711,27.4,-0.3,11,2017,Fall
Minnesota,201712,13.4,0.3,12,2017,Winter
Minnesota,201801,10.4,3.6,01,2018,Winter
Minnesota,201802,8.6,-4.4,02,2018,Winter
Minnesota,201803,27.5,2.0,03,2018,Spring
Minnesota,201804,32.7,-8.8,04,2018,Spring
Minnesota,201805,61.1,6.5,05,2018,Spring
Minnesota,201806,67.0,3.1,06,2018,Summer
Minnesota,201807,69.6,0.6,07,2018,Summer
Minnesota,201808,67.4,0.7,08,2018,Summer
Minnesota,201809,59.0,2.2,09,2018,Fall
Minnesota,201810,40.7,-4.5,10,2018,Fall
Minnesota,201811,22.8,-4.9,11,2018,Fall
Minnesota,201812,20.2,7.1,12,2018,Winter
Minnesota,201901,6.6,-0.2,01,2019,Winter
Mississippi,201601,43.7,-1.2,01,2016,Winter
Mississippi,201602,50.9,2.3,02,2016,Winter
Mississippi,201603,60.2,4.9,03,2016,Spring
Mississippi,201604,65.2,1.5,04,2016,Spring
Mississippi,201605,70.5,-0.9,05,2016,Spring
Mississippi,201606,80.2,2.0,06,2016,Summer
Mississippi,201607,82.4,1.5,07,2016,Summer
Mississippi,201608,82.0,1.9,08,2016,Summer
Mississippi,201609,79.0,4.1,09,2016,Fall
Mississippi,201610,69.2,4.8,10,2016,Fall
Mississippi,201611,58.2,4.5,11,2016,Fall
Mississippi,201612,49.4,2.6,12,2016,Winter
Mississippi,201701,52.9,8.0,01,2017,Winter
Mississippi,201702,57.1,8.5,02,2017,Winter
Mississippi,201703,60.1,4.8,03,2017,Spring
Mississippi,201704,67.3,3.6,04,2017,Spring
Mississippi,201705,70.1,-1.3,05,2017,Spring
Mississippi,201706,76.7,-1.5,06,2017,Summer
Mississippi,201707,81.2,0.3,07,2017,Summer
Mississippi,201708,79.3,-0.8,08,2017,Summer
Mississippi,201709,74.5,-0.4,09,2017,Fall
Mississippi,201710,66.2,1.8,10,2017,Fall
Mississippi,201711,56.8,3.1,11,2017,Fall
Mississippi,201712,47.1,0.3,12,2017,Winter
Mississippi,201801,40.0,-4.9,01,2018,Winter
Mississippi,201802,56.8,8.2,02,2018,Winter
Mississippi,201803,57.1,1.8,03,2018,Spring
Mississippi,201804,58.8,-4.9,04,2018,Spring
Mississippi,201805,75.8,4.4,05,2018,Spring
Mississippi,201806,80.6,2.4,06,2018,Summer
Mississippi,201807,81.8,0.9,07,2018,Summer
Mississippi,201808,80.2,0.1,08,2018,Summer
Mississippi,201809,78.8,3.9,09,2018,Fall
Mississippi,201810,67.3,2.9,10,2018,Fall
Mississippi,201811,50.5,-3.2,11,2018,Fall
Mississippi,201812,48.9,2.1,12,2018,Winter
Mississippi,201901,46.2,1.3,01,2019,Winter
Missouri,201601,30.9,1.6,01,2016,Winter
Missouri,201602,39.1,4.6,02,2016,Winter
Missouri,201603,50.4,7.0,03,2016,Spring
Missouri,201604,57.3,2.5,04,2016,Spring
Missouri,201605,62.7,-1.6,05,2016,Spring
Missouri,201606,76.9,3.9,06,2016,Summer
Missouri,201607,78.1,0.3,07,2016,Summer
Missouri,201608,76.7,0.7,08,2016,Summer
Missouri,201609,71.7,3.5,09,2016,Fall
Missouri,201610,62.1,5.0,10,2016,Fall
Missouri,201611,51.0,7.6,11,2016,Fall
Missouri,201612,32.4,-0.8,12,2016,Winter
Missouri,201701,35.4,6.1,01,2017,Winter
Missouri,201702,45.1,10.6,02,2017,Winter
Missouri,201703,48.4,5.0,03,2017,Spring
Missouri,201704,58.5,3.7,04,2017,Spring
Missouri,201705,64.1,-0.2,05,2017,Spring
Missouri,201706,73.5,0.5,06,2017,Summer
Missouri,201707,78.8,1.0,07,2017,Summer
Missouri,201708,72.1,-3.9,08,2017,Summer
Missouri,201709,70.4,2.2,09,2017,Fall
Missouri,201710,59.0,1.9,10,2017,Fall
Missouri,201711,46.2,2.8,11,2017,Fall
Missouri,201712,34.3,1.1,12,2017,Winter
Missouri,201801,28.0,-1.3,01,2018,Winter
Missouri,201802,35.6,1.1,02,2018,Winter
Missouri,201803,44.0,0.6,03,2018,Spring
Missouri,201804,48.2,-6.6,04,2018,Spring
Missouri,201805,72.5,8.2,05,2018,Spring
Missouri,201806,77.4,4.4,06,2018,Summer
Missouri,201807,78.2,0.4,07,2018,Summer
Missouri,201808,76.4,0.4,08,2018,Summer
Missouri,201809,71.3,3.1,09,2018,Fall
Missouri,201810,56.5,-0.6,10,2018,Fall
Missouri,201811,37.6,-5.8,11,2018,Fall
Missouri,201812,36.9,3.7,12,2018,Winter
Missouri,201901,31.0,1.7,01,2019,Winter
Montana,201601,23.4,6.5,01,2016,Winter
Montana,201602,33.6,11.3,02,2016,Winter
Montana,201603,37.4,7.6,03,2016,Spring
Montana,201604,45.0,4.2,04,2016,Spring
Montana,201605,51.0,0.4,05,2016,Spring
Montana,201606,62.4,4.0,06,2016,Summer
Montana,201607,65.9,0.0,07,2016,Summer
Montana,201608,64.4,0.0,08,2016,Summer
Montana,201609,54.8,0.8,09,2016,Fall
Montana,201610,44.3,1.0,10,2016,Fall
Montana,201611,39.1,9.8,11,2016,Fall
Montana,201612,14.2,-6.8,12,2016,Winter
Montana,201701,15.2,-1.7,01,2017,Winter
Montana,201702,25.4,3.1,02,2017,Winter
Montana,201703,35.8,6.0,03,2017,Spring
Montana,201704,42.1,1.3,04,2017,Spring
Montana,201705,52.3,1.7,05,2017,Spring
Montana,201706,60.6,2.2,06,2017,Summer
Montana,201707,71.6,5.7,07,2017,Summer
Montana,201708,65.5,1.1,08,2017,Summer
Montana,201709,55.2,1.2,09,2017,Fall
Montana,201710,42.6,-0.7,10,2017,Fall
Montana,201711,30.7,1.4,11,2017,Fall
Montana,201712,21.1,0.1,12,2017,Winter
Montana,201801,21.7,4.8,01,2018,Winter
Montana,201802,11.4,-10.9,02,2018,Winter
Montana,201803,28.2,-1.6,03,2018,Spring
Montana,201804,37.9,-2.9,04,2018,Spring
Montana,201805,55.6,5.0,05,2018,Spring
Montana,201806,59.2,0.8,06,2018,Summer
Montana,201807,66.7,0.8,07,2018,Summer
Montana,201808,64.4,0.0,08,2018,Summer
Montana,201809,53.0,-1.0,09,2018,Fall
Montana,201810,41.6,-1.7,10,2018,Fall
Montana,201811,30.2,0.9,11,2018,Fall
Montana,201812,25.0,4.0,12,2018,Winter
Montana,201901,24.8,7.9,01,2019,Winter
Nebraska,201601,26.0,3.9,01,2016,Winter
Nebraska,201602,35.0,7.5,02,2016,Winter
Nebraska,201603,43.9,8.1,03,2016,Spring
Nebraska,201604,49.9,1.9,04,2016,Spring
Nebraska,201605,57.2,-1.5,05,2016,Spring
Nebraska,201606,73.3,4.8,06,2016,Summer
Nebraska,201607,74.2,-0.6,07,2016,Summer
Nebraska,201608,71.8,-0.8,08,2016,Summer
Nebraska,201609,65.0,2.1,09,2016,Fall
Nebraska,201610,55.4,4.4,10,2016,Fall
Nebraska,201611,44.3,8.8,11,2016,Fall
Nebraska,201612,23.8,-2.0,12,2016,Winter
Nebraska,201701,24.8,2.7,01,2017,Winter
Nebraska,201702,35.4,7.9,02,2017,Winter
Nebraska,201703,42.2,6.4,03,2017,Spring
Nebraska,201704,49.7,1.7,04,2017,Spring
Nebraska,201705,57.0,-1.7,05,2017,Spring
Nebraska,201706,70.7,2.2,06,2017,Summer
Nebraska,201707,76.8,2.0,07,2017,Summer
Nebraska,201708,69.0,-3.6,08,2017,Summer
Nebraska,201709,65.0,2.1,09,2017,Fall
Nebraska,201710,51.0,0.0,10,2017,Fall
Nebraska,201711,39.9,4.4,11,2017,Fall
Nebraska,201712,26.6,0.8,12,2017,Winter
Nebraska,201801,23.1,1.0,01,2018,Winter
Nebraska,201802,21.7,-5.8,02,2018,Winter
Nebraska,201803,38.5,2.7,03,2018,Spring
Nebraska,201804,41.2,-6.8,04,2018,Spring
Nebraska,201805,63.8,5.1,05,2018,Spring
Nebraska,201806,72.3,3.8,06,2018,Summer
Nebraska,201807,73.5,-1.3,07,2018,Summer
Nebraska,201808,70.8,-1.8,08,2018,Summer
Nebraska,201809,65.7,2.8,09,2018,Fall
Nebraska,201810,47.1,-3.9,10,2018,Fall
Nebraska,201811,33.4,-2.1,11,2018,Fall
Nebraska,201812,28.0,2.2,12,2018,Winter
Nebraska,201901,26.3,4.2,01,2019,Winter
Nevada,201601,31.1,1.0,01,2016,Winter
Nevada,201602,38.0,3.6,02,2016,Winter
Nevada,201603,44.2,4.5,03,2016,Spring
Nevada,201604,50.1,3.4,04,2016,Spring
Nevada,201605,55.1,-0.2,05,2016,Spring
Nevada,201606,69.7,5.7,06,2016,Summer
Nevada,201607,73.7,1.4,07,2016,Summer
Nevada,201608,72.1,1.8,08,2016,Summer
Nevada,201609,62.3,0.3,09,2016,Fall
Nevada,201610,53.2,2.1,10,2016,Fall
Nevada,201611,43.2,4.4,11,2016,Fall
Nevada,201612,30.5,-1.0,12,2016,Winter
Nevada,201701,29.1,-1.0,01,2017,Winter
Nevada,201702,38.1,3.7,02,2017,Winter
Nevada,201703,45.7,6.0,03,2017,Spring
Nevada,201704,47.1,0.4,04,2017,Spring
Nevada,201705,57.1,1.8,05,2017,Spring
Nevada,201706,68.6,4.6,06,2017,Summer
Nevada,201707,76.2,3.9,07,2017,Summer
Nevada,201708,73.5,3.2,08,2017,Summer
Nevada,201709,61.6,-0.4,09,2017,Fall
Nevada,201710,50.4,-0.7,10,2017,Fall
Nevada,201711,44.4,5.6,11,2017,Fall
Nevada,201712,34.8,3.3,12,2017,Winter
Nevada,201801,38.5,8.4,01,2018,Winter
Nevada,201802,33.7,-0.7,02,2018,Winter
Nevada,201803,39.5,-0.2,03,2018,Spring
Nevada,201804,50.0,3.3,04,2018,Spring
Nevada,201805,57.7,2.4,05,2018,Spring
Nevada,201806,67.8,3.8,06,2018,Summer
Nevada,201807,77.0,4.7,07,2018,Summer
Nevada,201808,73.2,2.9,08,2018,Summer
Nevada,201809,65.0,3.0,09,2018,Fall
Nevada,201810,50.3,-0.8,10,2018,Fall
Nevada,201811,39.4,0.6,11,2018,Fall
Nevada,201812,32.0,0.5,12,2018,Winter
Nevada,201901,34.0,3.9,01,2019,Winter
New Hampshire,201601,22.9,5.5,01,2016,Winter
New Hampshire,201602,25.6,6.2,02,2016,Winter
New Hampshire,201603,35.2,6.1,03,2016,Spring
New Hampshire,201604,40.2,-0.6,04,2016,Spring
New Hampshire,201605,54.8,2.0,05,2016,Spring
New Hampshire,201606,62.6,0.7,06,2016,Summer
New Hampshire,201607,68.5,1.9,07,2016,Summer
New Hampshire,201608,68.2,3.8,08,2016,Summer
New Hampshire,201609,60.5,3.9,09,2016,Fall
New Hampshire,201610,48.0,2.2,10,2016,Fall
New Hampshire,201611,37.9,3.2,11,2016,Fall
New Hampshire,201612,24.4,2.2,12,2016,Winter
New Hampshire,201701,25.7,8.3,01,2017,Winter
New Hampshire,201702,26.7,7.3,02,2017,Winter
New Hampshire,201703,25.3,-3.8,03,2017,Spring
New Hampshire,201704,45.8,5.0,04,2017,Spring
New Hampshire,201705,52.2,-0.6,05,2017,Spring
New Hampshire,201706,62.6,0.7,06,2017,Summer
New Hampshire,201707,66.5,-0.1,07,2017,Summer
New Hampshire,201708,64.1,-0.3,08,2017,Summer
New Hampshire,201709,62.2,5.6,09,2017,Fall
New Hampshire,201710,53.9,8.1,10,2017,Fall
New Hampshire,201711,34.6,-0.1,11,2017,Fall
New Hampshire,201712,19.6,-2.6,12,2017,Winter
New Hampshire,201801,18.4,1.0,01,2018,Winter
New Hampshire,201802,27.0,7.6,02,2018,Winter
New Hampshire,201803,30.4,1.3,03,2018,Spring
New Hampshire,201804,38.0,-2.8,04,2018,Spring
New Hampshire,201805,57.2,4.4,05,2018,Spring
New Hampshire,201806,61.4,-0.5,06,2018,Summer
New Hampshire,201807,69.8,3.2,07,2018,Summer
New Hampshire,201808,69.3,4.9,08,2018,Summer
New Hampshire,201809,61.2,4.6,09,2018,Fall
New Hampshire,201810,45.1,-0.7,10,2018,Fall
New Hampshire,201811,31.4,-3.3,11,2018,Fall
New Hampshire,201812,24.9,2.7,12,2018,Winter
New Hampshire,201901,18.2,0.8,01,2019,Winter
New Jersey,201601,31.4,1.6,01,2016,Winter
New Jersey,201602,36.0,4.6,02,2016,Winter
New Jersey,201603,47.0,7.5,03,2016,Spring
New Jersey,201604,50.7,1.2,04,2016,Spring
New Jersey,201605,60.2,0.2,05,2016,Spring
New Jersey,201606,70.6,1.7,06,2016,Summer
New Jersey,201607,77.2,3.4,07,2016,Summer
New Jersey,201608,76.9,5.0,08,2016,Summer
New Jersey,201609,69.7,4.6,09,2016,Fall
New Jersey,201610,56.7,2.7,10,2016,Fall
New Jersey,201611,46.7,3.0,11,2016,Fall
New Jersey,201612,36.3,2.8,12,2016,Winter
New Jersey,201701,36.2,6.4,01,2017,Winter
New Jersey,201702,40.4,9.0,02,2017,Winter
New Jersey,201703,38.9,-0.6,03,2017,Spring
New Jersey,201704,55.9,6.4,04,2017,Spring
New Jersey,201705,60.0,0.0,05,2017,Spring
New Jersey,201706,70.4,1.5,06,2017,Summer
New Jersey,201707,75.5,1.7,07,2017,Summer
New Jersey,201708,71.6,-0.3,08,2017,Summer
New Jersey,201709,68.2,3.1,09,2017,Fall
New Jersey,201710,60.4,6.4,10,2017,Fall
New Jersey,201711,44.4,0.7,11,2017,Fall
New Jersey,201712,33.2,-0.3,12,2017,Winter
New Jersey,201801,29.2,-0.6,01,2018,Winter
New Jersey,201802,39.4,8.0,02,2018,Winter
New Jersey,201803,38.3,-1.2,03,2018,Spring
New Jersey,201804,48.0,-1.5,04,2018,Spring
New Jersey,201805,65.2,5.2,05,2018,Spring
New Jersey,201806,70.1,1.2,06,2018,Summer
New Jersey,201807,76.1,2.3,07,2018,Summer
New Jersey,201808,76.8,4.9,08,2018,Summer
New Jersey,201809,70.2,5.1,09,2018,Fall
New Jersey,201810,56.4,2.4,10,2018,Fall
New Jersey,201811,42.5,-1.2,11,2018,Fall
New Jersey,201812,37.8,4.3,12,2018,Winter
New Jersey,201901,31.6,1.8,01,2019,Winter
New Mexico,201601,34.3,0.8,01,2016,Winter
New Mexico,201602,42.0,4.1,02,2016,Winter
New Mexico,201603,48.3,4.9,03,2016,Spring
New Mexico,201604,52.3,0.7,04,2016,Spring
New Mexico,201605,59.4,-1.0,05,2016,Spring
New Mexico,201606,73.0,3.7,06,2016,Summer
New Mexico,201607,76.9,4.0,07,2016,Summer
New Mexico,201608,70.1,-0.8,08,2016,Summer
New Mexico,201609,65.9,1.3,09,2016,Fall
New Mexico,201610,59.6,5.3,10,2016,Fall
New Mexico,201611,46.7,4.7,11,2016,Fall
New Mexico,201612,37.8,3.1,12,2016,Winter
New Mexico,201701,37.2,3.7,01,2017,Winter
New Mexico,201702,44.5,6.6,02,2017,Winter
New Mexico,201703,51.2,7.8,03,2017,Spring
New Mexico,201704,53.7,2.1,04,2017,Spring
New Mexico,201705,60.1,-0.3,05,2017,Spring
New Mexico,201706,72.8,3.5,06,2017,Summer
New Mexico,201707,74.6,1.7,07,2017,Summer
New Mexico,201708,70.8,-0.1,08,2017,Summer
New Mexico,201709,66.4,1.8,09,2017,Fall
New Mexico,201710,56.4,2.1,10,2017,Fall
New Mexico,201711,50.2,8.2,11,2017,Fall
New Mexico,201712,38.7,4.0,12,2017,Winter
New Mexico,201801,37.0,3.5,01,2018,Winter
New Mexico,201802,41.3,3.4,02,2018,Winter
New Mexico,201803,47.2,3.8,03,2018,Spring
New Mexico,201804,55.1,3.5,04,2018,Spring
New Mexico,201805,65.6,5.2,05,2018,Spring
New Mexico,201806,74.3,5.0,06,2018,Summer
New Mexico,201807,75.1,2.2,07,2018,Summer
New Mexico,201808,73.0,2.1,08,2018,Summer
New Mexico,201809,66.9,2.3,09,2018,Fall
New Mexico,201810,53.8,-0.5,10,2018,Fall
New Mexico,201811,41.2,-0.8,11,2018,Fall
New Mexico,201812,35.6,0.9,12,2018,Winter
New Mexico,201901,35.5,2.0,01,2019,Winter
New York,201601,23.7,3.7,01,2016,Winter
New York,201602,26.7,5.2,02,2016,Winter
New York,201603,37.7,7.0,03,2016,Spring
New York,201604,41.3,-1.6,04,2016,Spring
New York,201605,55.7,1.2,05,2016,Spring
New York,201606,64.1,0.4,06,2016,Summer
New York,201607,70.4,2.2,07,2016,Summer
New York,201608,70.9,4.6,08,2016,Summer
New York,201609,62.9,4.0,09,2016,Fall
New York,201610,50.5,2.5,10,2016,Fall
New York,201611,40.2,3.4,11,2016,Fall
New York,201612,27.6,2.7,12,2016,Winter
New York,201701,27.9,7.9,01,2017,Winter
New York,201702,30.6,9.1,02,2017,Winter
New York,201703,28.2,-2.5,03,2017,Spring
New York,201704,48.8,5.9,04,2017,Spring
New York,201705,54.0,-0.5,05,2017,Spring
New York,201706,63.9,0.2,06,2017,Summer
New York,201707,68.1,-0.1,07,2017,Summer
New York,201708,65.6,-0.7,08,2017,Summer
New York,201709,62.3,3.4,09,2017,Fall
New York,201710,54.8,6.8,10,2017,Fall
New York,201711,36.2,-0.6,11,2017,Fall
New York,201712,22.6,-2.3,12,2017,Winter
New York,201801,19.1,-0.9,01,2018,Winter
New York,201802,29.4,7.9,02,2018,Winter
New York,201803,29.9,-0.8,03,2018,Spring
New York,201804,37.8,-5.1,04,2018,Spring
New York,201805,60.0,5.5,05,2018,Spring
New York,201806,63.4,-0.3,06,2018,Summer
New York,201807,71.2,3.0,07,2018,Summer
New York,201808,70.5,4.2,08,2018,Summer
New York,201809,63.6,4.7,09,2018,Fall
New York,201810,47.8,-0.2,10,2018,Fall
New York,201811,33.3,-3.5,11,2018,Fall
New York,201812,28.5,3.6,12,2018,Winter
New York,201901,19.5,-0.5,01,2019,Winter
North Carolina,201601,38.4,-1.6,01,2016,Winter
North Carolina,201602,43.2,0.8,02,2016,Winter
North Carolina,201603,56.2,7.0,03,2016,Spring
North Carolina,201604,58.7,0.6,04,2016,Spring
North Carolina,201605,65.8,-0.6,05,2016,Spring
North Carolina,201606,75.3,1.7,06,2016,Summer
North Carolina,201607,80.1,3.1,07,2016,Summer
North Carolina,201608,79.2,3.6,08,2016,Summer
North Carolina,201609,74.3,4.0,09,2016,Fall
North Carolina,201610,63.2,3.7,10,2016,Fall
North Carolina,201611,51.7,2.1,11,2016,Fall
North Carolina,201612,44.0,2.4,12,2016,Winter
North Carolina,201701,45.4,5.4,01,2017,Winter
North Carolina,201702,50.7,8.3,02,2017,Winter
North Carolina,201703,50.0,0.8,03,2017,Spring
North Carolina,201704,63.9,5.8,04,2017,Spring
North Carolina,201705,67.7,1.3,05,2017,Spring
North Carolina,201706,73.8,0.2,06,2017,Summer
North Carolina,201707,78.7,1.7,07,2017,Summer
North Carolina,201708,75.8,0.2,08,2017,Summer
North Carolina,201709,70.5,0.2,09,2017,Fall
North Carolina,201710,62.8,3.3,10,2017,Fall
North Carolina,201711,50.3,0.7,11,2017,Fall
North Carolina,201712,42.4,0.8,12,2017,Winter
North Carolina,201801,35.8,-4.2,01,2018,Winter
North Carolina,201802,51.9,9.5,02,2018,Winter
North Carolina,201803,46.3,-2.9,03,2018,Spring
North Carolina,201804,56.0,-2.1,04,2018,Spring
North Carolina,201805,71.6,5.2,05,2018,Spring
North Carolina,201806,76.8,3.2,06,2018,Summer
North Carolina,201807,77.2,0.2,07,2018,Summer
North Carolina,201808,77.2,1.6,08,2018,Summer
North Carolina,201809,76.2,5.9,09,2018,Fall
North Carolina,201810,62.5,3.0,10,2018,Fall
North Carolina,201811,48.4,-1.2,11,2018,Fall
North Carolina,201812,45.0,3.4,12,2018,Winter
North Carolina,201901,41.9,1.9,01,2019,Winter
North Dakota,201601,14.6,7.8,01,2016,Winter
North Dakota,201602,25.6,12.5,02,2016,Winter
North Dakota,201603,36.3,11.1,03,2016,Spring
North Dakota,201604,41.8,0.5,04,2016,Spring
North Dakota,201605,56.6,2.5,05,2016,Spring
North Dakota,201606,66.0,2.9,06,2016,Summer
North Dakota,201607,69.3,0.0,07,2016,Summer
North Dakota,201608,68.0,0.6,08,2016,Summer
North Dakota,201609,58.6,2.2,09,2016,Fall
North Dakota,201610,46.1,1.9,10,2016,Fall
North Dakota,201611,39.3,13.2,11,2016,Fall
North Dakota,201612,10.2,-2.9,12,2016,Winter
North Dakota,201701,11.2,4.4,01,2017,Winter
North Dakota,201702,20.5,7.4,02,2017,Winter
North Dakota,201703,27.4,2.2,03,2017,Spring
North Dakota,201704,42.7,1.4,04,2017,Spring
North Dakota,201705,54.8,0.7,05,2017,Spring
North Dakota,201706,64.8,1.7,06,2017,Summer
North Dakota,201707,72.2,2.9,07,2017,Summer
North Dakota,201708,65.2,-2.2,08,2017,Summer
North Dakota,201709,58.3,1.9,09,2017,Fall
North Dakota,201710,45.0,0.8,10,2017,Fall
North Dakota,201711,26.4,0.3,11,2017,Fall
North Dakota,201712,15.6,2.5,12,2017,Winter
North Dakota,201801,11.8,5.0,01,2018,Winter
North Dakota,201802,5.4,-7.7,02,2018,Winter
North Dakota,201803,24.6,-0.6,03,2018,Spring
North Dakota,201804,33.2,-8.1,04,2018,Spring
North Dakota,201805,60.2,6.1,05,2018,Spring
North Dakota,201806,67.4,4.3,06,2018,Summer
North Dakota,201807,69.2,-0.1,07,2018,Summer
North Dakota,201808,67.6,0.2,08,2018,Summer
North Dakota,201809,55.0,-1.4,09,2018,Fall
North Dakota,201810,39.0,-5.2,10,2018,Fall
North Dakota,201811,22.9,-3.2,11,2018,Fall
North Dakota,201812,20.8,7.7,12,2018,Winter
North Dakota,201901,9.8,3.0,01,2019,Winter
Ohio,201601,27.2,0.4,01,2016,Winter
Ohio,201602,33.6,3.9,02,2016,Winter
Ohio,201603,46.5,8.2,03,2016,Spring
Ohio,201604,50.2,0.8,04,2016,Spring
Ohio,201605,59.7,-0.4,05,2016,Spring
Ohio,201606,71.2,2.1,06,2016,Summer
Ohio,201607,74.8,1.8,07,2016,Summer
Ohio,201608,76.0,5.0,08,2016,Summer
Ohio,201609,69.2,4.7,09,2016,Fall
Ohio,201610,57.7,4.9,10,2016,Fall
Ohio,201611,45.8,4.8,11,2016,Fall
Ohio,201612,31.0,0.3,12,2016,Winter
Ohio,201701,34.6,7.8,01,2017,Winter
Ohio,201702,40.5,10.8,02,2017,Winter
Ohio,201703,40.4,2.1,03,2017,Spring
Ohio,201704,56.6,7.2,04,2017,Spring
Ohio,201705,60.1,0.0,05,2017,Spring
Ohio,201706,69.6,0.5,06,2017,Summer
Ohio,201707,73.0,0.0,07,2017,Summer
Ohio,201708,69.7,-1.3,08,2017,Summer
Ohio,201709,65.8,1.3,09,2017,Fall
Ohio,201710,57.4,4.6,10,2017,Fall
Ohio,201711,41.8,0.8,11,2017,Fall
Ohio,201712,29.2,-1.5,12,2017,Winter
Ohio,201801,25.0,-1.8,01,2018,Winter
Ohio,201802,36.6,6.9,02,2018,Winter
Ohio,201803,36.4,-1.9,03,2018,Spring
Ohio,201804,45.0,-4.4,04,2018,Spring
Ohio,201805,68.0,7.9,05,2018,Spring
Ohio,201806,71.4,2.3,06,2018,Summer
Ohio,201807,73.8,0.8,07,2018,Summer
Ohio,201808,73.7,2.7,08,2018,Summer
Ohio,201809,69.6,5.1,09,2018,Fall
Ohio,201810,54.3,1.5,10,2018,Fall
Ohio,201811,37.3,-3.7,11,2018,Fall
Ohio,201812,35.1,4.4,12,2018,Winter
Ohio,201901,27.4,0.6,01,2019,Winter
Oklahoma,201601,38.2,1.9,01,2016,Winter
Oklahoma,201602,47.4,5.7,02,2016,Winter
Oklahoma,201603,54.7,5.5,03,2016,Spring
Oklahoma,201604,61.4,1.7,04,2016,Spring
Oklahoma,201605,66.2,-2.0,05,2016,Spring
Oklahoma,201606,79.2,2.2,06,2016,Summer
Oklahoma,201607,83.2,1.3,07,2016,Summer
Oklahoma,201608,80.8,-0.1,08,2016,Summer
Oklahoma,201609,75.3,2.3,09,2016,Fall
Oklahoma,201610,67.1,5.3,10,2016,Fall
Oklahoma,201611,55.4,7.3,11,2016,Fall
Oklahoma,201612,38.8,-0.4,12,2016,Winter
Oklahoma,201701,40.9,4.6,01,2017,Winter
Oklahoma,201702,50.5,8.8,02,2017,Winter
Oklahoma,201703,56.2,7.0,03,2017,Spring
Oklahoma,201704,61.4,1.7,04,2017,Spring
Oklahoma,201705,66.9,-1.3,05,2017,Spring
Oklahoma,201706,77.3,0.3,06,2017,Summer
Oklahoma,201707,82.5,0.6,07,2017,Summer
Oklahoma,201708,77.3,-3.6,08,2017,Summer
Oklahoma,201709,73.3,0.3,09,2017,Fall
Oklahoma,201710,62.0,0.2,10,2017,Fall
Oklahoma,201711,52.9,4.8,11,2017,Fall
Oklahoma,201712,40.5,1.3,12,2017,Winter
Oklahoma,201801,36.6,0.3,01,2018,Winter
Oklahoma,201802,40.9,-0.8,02,2018,Winter
Oklahoma,201803,52.9,3.7,03,2018,Spring
Oklahoma,201804,54.1,-5.6,04,2018,Spring
Oklahoma,201805,75.0,6.8,05,2018,Spring
Oklahoma,201806,80.6,3.6,06,2018,Summer
Oklahoma,201807,82.8,0.9,07,2018,Summer
Oklahoma,201808,79.9,-1.0,08,2018,Summer
Oklahoma,201809,73.9,0.9,09,2018,Fall
Oklahoma,201810,60.1,-1.7,10,2018,Fall
Oklahoma,201811,44.6,-3.5,11,2018,Fall
Oklahoma,201812,40.9,1.7,12,2018,Winter
Oklahoma,201901,38.3,2.0,01,2019,Winter
Oregon,201601,33.1,2.5,01,2016,Winter
Oregon,201602,40.2,5.6,02,2016,Winter
Oregon,201603,41.2,2.6,03,2016,Spring
Oregon,201604,50.1,6.0,04,2016,Spring
Oregon,201605,53.2,2.3,05,2016,Spring
Oregon,201606,60.5,3.0,06,2016,Summer
Oregon,201607,64.4,-0.6,07,2016,Summer
Oregon,201608,66.7,2.6,08,2016,Summer
Oregon,201609,57.1,-0.6,09,2016,Fall
Oregon,201610,48.1,-0.2,10,2016,Fall
Oregon,201611,43.2,5.4,11,2016,Fall
Oregon,201612,27.4,-4.9,12,2016,Winter
Oregon,201701,26.7,-3.9,01,2017,Winter
Oregon,201702,34.8,0.2,02,2017,Winter
Oregon,201703,41.6,3.0,03,2017,Spring
Oregon,201704,42.9,-1.2,04,2017,Spring
Oregon,201705,52.9,2.0,05,2017,Spring
Oregon,201706,59.9,2.4,06,2017,Summer
Oregon,201707,69.2,4.2,07,2017,Summer
Oregon,201708,69.6,5.5,08,2017,Summer
Oregon,201709,59.6,1.9,09,2017,Fall
Oregon,201710,47.0,-1.3,10,2017,Fall
Oregon,201711,39.3,1.5,11,2017,Fall
Oregon,201712,32.9,0.6,12,2017,Winter
Oregon,201801,37.5,6.9,01,2018,Winter
Oregon,201802,33.2,-1.4,02,2018,Winter
Oregon,201803,38.4,-0.2,03,2018,Spring
Oregon,201804,45.1,1.0,04,2018,Spring
Oregon,201805,55.5,4.6,05,2018,Spring
Oregon,201806,58.6,1.1,06,2018,Summer
Oregon,201807,69.0,4.0,07,2018,Summer
Oregon,201808,66.5,2.4,08,2018,Summer
Oregon,201809,57.4,-0.3,09,2018,Fall
Oregon,201810,48.8,0.5,10,2018,Fall
Oregon,201811,39.4,1.6,11,2018,Fall
Oregon,201812,32.2,-0.1,12,2018,Winter
Oregon,201901,35.3,4.7,01,2019,Winter
Pennsylvania,201601,25.4,0.0,01,2016,Winter
Pennsylvania,201602,30.7,3.5,02,2016,Winter
Pennsylvania,201603,43.3,7.5,03,2016,Spring
Pennsylvania,201604,47.0,0.1,04,2016,Spring
Pennsylvania,201605,57.4,-0.2,05,2016,Spring
Pennsylvania,201606,67.4,1.2,06,2016,Summer
Pennsylvania,201607,73.0,2.6,07,2016,Summer
Pennsylvania,201608,73.4,4.8,08,2016,Summer
Pennsylvania,201609,66.2,4.5,09,2016,Fall
Pennsylvania,201610,53.6,3.1,10,2016,Fall
Pennsylvania,201611,42.6,3.0,11,2016,Fall
Pennsylvania,201612,31.2,2.0,12,2016,Winter
Pennsylvania,201701,31.8,6.4,01,2017,Winter
Pennsylvania,201702,36.6,9.4,02,2017,Winter
Pennsylvania,201703,35.3,-0.5,03,2017,Spring
Pennsylvania,201704,53.7,6.8,04,2017,Spring
Pennsylvania,201705,57.1,-0.5,05,2017,Spring
Pennsylvania,201706,66.8,0.6,06,2017,Summer
Pennsylvania,201707,71.4,1.0,07,2017,Summer
Pennsylvania,201708,67.4,-1.2,08,2017,Summer
Pennsylvania,201709,63.8,2.1,09,2017,Fall
Pennsylvania,201710,56.2,5.7,10,2017,Fall
Pennsylvania,201711,39.2,-0.4,11,2017,Fall
Pennsylvania,201712,28.0,-1.2,12,2017,Winter
Pennsylvania,201801,23.1,-2.3,01,2018,Winter
Pennsylvania,201802,34.3,7.1,02,2018,Winter
Pennsylvania,201803,33.1,-2.7,03,2018,Spring
Pennsylvania,201804,43.3,-3.6,04,2018,Spring
Pennsylvania,201805,64.0,6.4,05,2018,Spring
Pennsylvania,201806,66.7,0.5,06,2018,Summer
Pennsylvania,201807,71.7,1.3,07,2018,Summer
Pennsylvania,201808,72.1,3.5,08,2018,Summer
Pennsylvania,201809,66.7,5.0,09,2018,Fall
Pennsylvania,201810,52.3,1.8,10,2018,Fall
Pennsylvania,201811,36.7,-2.9,11,2018,Fall
Pennsylvania,201812,33.5,4.3,12,2018,Winter
Pennsylvania,201901,25.9,0.5,01,2019,Winter
Rhode Island,201601,31.3,3.9,01,2016,Winter
Rhode Island,201602,33.1,4.4,02,2016,Winter
Rhode Island,201603,42.9,6.5,03,2016,Spring
Rhode Island,201604,46.2,0.2,04,2016,Spring
Rhode Island,201605,57.9,1.6,05,2016,Spring
Rhode Island,201606,66.9,1.8,06,2016,Summer
Rhode Island,201607,73.8,3.2,07,2016,Summer
Rhode Island,201608,73.9,4.7,08,2016,Summer
Rhode Island,201609,66.4,4.3,09,2016,Fall
Rhode Island,201610,54.7,2.8,10,2016,Fall
Rhode Island,201611,45.2,3.1,11,2016,Fall
Rhode Island,201612,34.2,2.7,12,2016,Winter
Rhode Island,201701,34.2,6.8,01,2017,Winter
Rhode Island,201702,35.2,6.5,02,2017,Winter
Rhode Island,201703,34.1,-2.3,03,2017,Spring
Rhode Island,201704,51.5,5.5,04,2017,Spring
Rhode Island,201705,56.5,0.2,05,2017,Spring
Rhode Island,201706,66.8,1.7,06,2017,Summer
Rhode Island,201707,71.1,0.5,07,2017,Summer
Rhode Island,201708,69.8,0.6,08,2017,Summer
Rhode Island,201709,66.4,4.3,09,2017,Fall
Rhode Island,201710,59.6,7.7,10,2017,Fall
Rhode Island,201711,43.1,1.0,11,2017,Fall
Rhode Island,201712,30.1,-1.4,12,2017,Winter
Rhode Island,201801,27.6,0.2,01,2018,Winter
Rhode Island,201802,37.6,8.9,02,2018,Winter
Rhode Island,201803,37.3,0.9,03,2018,Spring
Rhode Island,201804,44.4,-1.6,04,2018,Spring
Rhode Island,201805,61.4,5.1,05,2018,Spring
Rhode Island,201806,65.9,0.8,06,2018,Summer
Rhode Island,201807,73.8,3.2,07,2018,Summer
Rhode Island,201808,75.1,5.9,08,2018,Summer
Rhode Island,201809,66.4,4.3,09,2018,Fall
Rhode Island,201810,52.6,0.7,10,2018,Fall
Rhode Island,201811,40.9,-1.2,11,2018,Fall
Rhode Island,201812,35.2,3.7,12,2018,Winter
Rhode Island,201901,29.0,1.6,01,2019,Winter
South Carolina,201601,43.0,-1.5,01,2016,Winter
South Carolina,201602,48.0,0.8,02,2016,Winter
South Carolina,201603,60.6,6.9,03,2016,Spring
South Carolina,201604,63.1,1.0,04,2016,Spring
South Carolina,201605,70.1,-0.2,05,2016,Spring
South Carolina,201606,79.8,2.8,06,2016,Summer
South Carolina,201607,83.7,3.7,07,2016,Summer
South Carolina,201608,81.9,3.2,08,2016,Summer
South Carolina,201609,77.1,3.4,09,2016,Fall
South Carolina,201610,66.4,3.2,10,2016,Fall
South Carolina,201611,55.6,2.3,11,2016,Fall
South Carolina,201612,49.0,3.2,12,2016,Winter
South Carolina,201701,51.4,6.9,01,2017,Winter
South Carolina,201702,55.5,8.3,02,2017,Winter
South Carolina,201703,55.5,1.8,03,2017,Spring
South Carolina,201704,67.0,4.9,04,2017,Spring
South Carolina,201705,71.5,1.2,05,2017,Spring
South Carolina,201706,76.9,-0.1,06,2017,Summer
South Carolina,201707,81.0,1.0,07,2017,Summer
South Carolina,201708,79.4,0.7,08,2017,Summer
South Carolina,201709,74.3,0.6,09,2017,Fall
South Carolina,201710,66.2,3.0,10,2017,Fall
South Carolina,201711,54.3,1.0,11,2017,Fall
South Carolina,201712,47.8,2.0,12,2017,Winter
South Carolina,201801,40.6,-3.9,01,2018,Winter
South Carolina,201802,57.3,10.1,02,2018,Winter
South Carolina,201803,51.9,-1.8,03,2018,Spring
South Carolina,201804,59.9,-2.2,04,2018,Spring
South Carolina,201805,73.8,3.5,05,2018,Spring
South Carolina,201806,80.2,3.2,06,2018,Summer
South Carolina,201807,80.2,0.2,07,2018,Summer
South Carolina,201808,79.9,1.2,08,2018,Summer
South Carolina,201809,79.4,5.7,09,2018,Fall
South Carolina,201810,66.9,3.7,10,2018,Fall
South Carolina,201811,51.9,-1.4,11,2018,Fall
South Carolina,201812,48.6,2.8,12,2018,Winter
South Carolina,201901,46.7,2.2,01,2019,Winter
South Dakota,201601,19.8,4.6,01,2016,Winter
South Dakota,201602,31.2,10.3,02,2016,Winter
South Dakota,201603,40.1,9.2,03,2016,Spring
South Dakota,201604,46.3,1.5,04,2016,Spring
South Dakota,201605,56.7,0.2,05,2016,Spring
South Dakota,201606,70.7,4.8,06,2016,Summer
South Dakota,201607,73.0,0.0,07,2016,Summer
South Dakota,201608,71.0,0.0,08,2016,Summer
South Dakota,201609,62.4,2.1,09,2016,Fall
South Dakota,201610,51.6,3.6,10,2016,Fall
South Dakota,201611,42.0,10.6,11,2016,Fall
South Dakota,201612,15.4,-4.7,12,2016,Winter
South Dakota,201701,16.5,1.3,01,2017,Winter
South Dakota,201702,29.4,8.5,02,2017,Winter
South Dakota,201703,35.5,4.6,03,2017,Spring
South Dakota,201704,46.1,1.3,04,2017,Spring
South Dakota,201705,56.0,-0.5,05,2017,Spring
South Dakota,201706,68.1,2.2,06,2017,Summer
South Dakota,201707,76.0,3.0,07,2017,Summer
South Dakota,201708,67.4,-3.6,08,2017,Summer
South Dakota,201709,61.8,1.5,09,2017,Fall
South Dakota,201710,48.0,0.0,10,2017,Fall
South Dakota,201711,34.7,3.3,11,2017,Fall
South Dakota,201712,21.7,1.6,12,2017,Winter
South Dakota,201801,18.1,2.9,01,2018,Winter
South Dakota,201802,11.6,-9.3,02,2018,Winter
South Dakota,201803,30.4,-0.5,03,2018,Spring
South Dakota,201804,36.7,-8.1,04,2018,Spring
South Dakota,201805,62.1,5.6,05,2018,Spring
South Dakota,201806,69.3,3.4,06,2018,Summer
South Dakota,201807,72.2,-0.8,07,2018,Summer
South Dakota,201808,70.0,-1.0,08,2018,Summer
South Dakota,201809,61.5,1.2,09,2018,Fall
South Dakota,201810,43.2,-4.8,10,2018,Fall
South Dakota,201811,29.3,-2.1,11,2018,Fall
South Dakota,201812,25.3,5.2,12,2018,Winter
South Dakota,201901,18.1,2.9,01,2019,Winter
Tennessee,201601,34.8,-2.2,01,2016,Winter
Tennessee,201602,42.5,2.0,02,2016,Winter
Tennessee,201603,53.9,5.8,03,2016,Spring
Tennessee,201604,59.5,1.8,04,2016,Spring
Tennessee,201605,65.3,-0.8,05,2016,Spring
Tennessee,201606,76.5,2.7,06,2016,Summer
Tennessee,201607,79.8,2.6,07,2016,Summer
Tennessee,201608,79.0,3.0,08,2016,Summer
Tennessee,201609,74.1,4.1,09,2016,Fall
Tennessee,201610,64.6,5.9,10,2016,Fall
Tennessee,201611,52.7,5.3,11,2016,Fall
Tennessee,201612,40.9,1.5,12,2016,Winter
Tennessee,201701,44.9,7.9,01,2017,Winter
Tennessee,201702,48.9,8.4,02,2017,Winter
Tennessee,201703,51.1,3.0,03,2017,Spring
Tennessee,201704,63.1,5.4,04,2017,Spring
Tennessee,201705,66.6,0.5,05,2017,Spring
Tennessee,201706,73.0,-0.8,06,2017,Summer
Tennessee,201707,78.1,0.9,07,2017,Summer
Tennessee,201708,74.6,-1.4,08,2017,Summer
Tennessee,201709,69.1,-0.9,09,2017,Fall
Tennessee,201710,60.8,2.1,10,2017,Fall
Tennessee,201711,49.9,2.5,11,2017,Fall
Tennessee,201712,39.5,0.1,12,2017,Winter
Tennessee,201801,32.9,-4.1,01,2018,Winter
Tennessee,201802,48.5,8.0,02,2018,Winter
Tennessee,201803,48.1,0.0,03,2018,Spring
Tennessee,201804,52.8,-4.9,04,2018,Spring
Tennessee,201805,72.2,6.1,05,2018,Spring
Tennessee,201806,76.4,2.6,06,2018,Summer
Tennessee,201807,78.1,0.9,07,2018,Summer
Tennessee,201808,76.5,0.5,08,2018,Summer
Tennessee,201809,74.9,4.9,09,2018,Fall
Tennessee,201810,61.0,2.3,10,2018,Fall
Tennessee,201811,44.4,-3.0,11,2018,Fall
Tennessee,201812,42.7,3.3,12,2018,Winter
Tennessee,201901,39.3,2.3,01,2019,Winter
Texas,201601,46.4,1.2,01,2016,Winter
Texas,201602,54.4,4.7,02,2016,Winter
Texas,201603,61.2,4.9,03,2016,Spring
Texas,201604,66.1,1.0,04,2016,Spring
Texas,201605,71.6,-1.0,05,2016,Spring
Texas,201606,80.1,0.5,06,2016,Summer
Texas,201607,85.4,3.0,07,2016,Summer
Texas,201608,81.5,-0.3,08,2016,Summer
Texas,201609,77.6,1.8,09,2016,Fall
Texas,201610,70.9,4.6,10,2016,Fall
Texas,201611,61.0,6.5,11,2016,Fall
Texas,201612,49.6,2.5,12,2016,Winter
Texas,201701,50.8,5.6,01,2017,Winter
Texas,201702,58.4,8.7,02,2017,Winter
Texas,201703,63.6,7.3,03,2017,Spring
Texas,201704,67.1,2.0,04,2017,Spring
Texas,201705,72.0,-0.6,05,2017,Spring
Texas,201706,80.6,1.0,06,2017,Summer
Texas,201707,83.6,1.2,07,2017,Summer
Texas,201708,80.6,-1.2,08,2017,Summer
Texas,201709,76.5,0.7,09,2017,Fall
Texas,201710,66.5,0.2,10,2017,Fall
Texas,201711,60.3,5.8,11,2017,Fall
Texas,201712,47.8,0.7,12,2017,Winter
Texas,201801,43.9,-1.3,01,2018,Winter
Texas,201802,52.3,2.6,02,2018,Winter
Texas,201803,61.7,5.4,03,2018,Spring
Texas,201804,63.0,-2.1,04,2018,Spring
Texas,201805,78.0,5.4,05,2018,Spring
Texas,201806,83.9,4.3,06,2018,Summer
Texas,201807,84.5,2.1,07,2018,Summer
Texas,201808,83.1,1.3,08,2018,Summer
Texas,201809,76.3,0.5,09,2018,Fall
Texas,201810,65.4,-0.9,10,2018,Fall
Texas,201811,52.0,-2.5,11,2018,Fall
Texas,201812,48.3,1.2,12,2018,Winter
Texas,201901,47.2,2.0,01,2019,Winter
Utah,201601,26.6,1.1,01,2016,Winter
Utah,201602,33.7,3.1,02,2016,Winter
Utah,201603,42.2,4.7,03,2016,Spring
Utah,201604,47.9,2.2,04,2016,Spring
Utah,201605,54.4,-0.6,05,2016,Spring
Utah,201606,70.9,6.7,06,2016,Summer
Utah,201607,73.7,1.8,07,2016,Summer
Utah,201608,70.1,0.4,08,2016,Summer
Utah,201609,61.1,0.1,09,2016,Fall
Utah,201610,53.2,3.9,10,2016,Fall
Utah,201611,41.6,5.7,11,2016,Fall
Utah,201612,27.4,-0.1,12,2016,Winter
Utah,201701,25.9,0.4,01,2017,Winter
Utah,201702,36.5,5.9,02,2017,Winter
Utah,201703,45.3,7.8,03,2017,Spring
Utah,201704,46.0,0.3,04,2017,Spring
Utah,201705,55.6,0.6,05,2017,Spring
Utah,201706,69.5,5.3,06,2017,Summer
Utah,201707,75.0,3.1,07,2017,Summer
Utah,201708,71.6,1.9,08,2017,Summer
Utah,201709,60.7,-0.3,09,2017,Fall
Utah,201710,48.1,-1.2,10,2017,Fall
Utah,201711,43.0,7.1,11,2017,Fall
Utah,201712,31.4,3.9,12,2017,Winter
Utah,201801,32.8,7.3,01,2018,Winter
Utah,201802,32.2,1.6,02,2018,Winter
Utah,201803,39.2,1.7,03,2018,Spring
Utah,201804,49.0,3.3,04,2018,Spring
Utah,201805,58.2,3.2,05,2018,Spring
Utah,201806,69.2,5.0,06,2018,Summer
Utah,201807,76.1,4.2,07,2018,Summer
Utah,201808,72.4,2.7,08,2018,Summer
Utah,201809,65.8,4.8,09,2018,Fall
Utah,201810,47.5,-1.8,10,2018,Fall
Utah,201811,35.0,-0.9,11,2018,Fall
Utah,201812,27.5,0.0,12,2018,Winter
Utah,201901,27.0,1.5,01,2019,Winter
Vermont,201601,20.9,5.4,01,2016,Winter
Vermont,201602,23.9,6.5,02,2016,Winter
Vermont,201603,33.6,6.2,03,2016,Spring
Vermont,201604,38.2,-1.8,04,2016,Spring
Vermont,201605,54.0,1.7,05,2016,Spring
Vermont,201606,62.0,0.6,06,2016,Summer
Vermont,201607,67.4,1.5,07,2016,Summer
Vermont,201608,67.5,3.8,08,2016,Summer
Vermont,201609,59.9,3.8,09,2016,Fall
Vermont,201610,47.7,2.5,10,2016,Fall
Vermont,201611,36.8,3.0,11,2016,Fall
Vermont,201612,23.9,3.3,12,2016,Winter
Vermont,201701,24.8,9.3,01,2017,Winter
Vermont,201702,25.6,8.2,02,2017,Winter
Vermont,201703,23.5,-3.9,03,2017,Spring
Vermont,201704,45.2,5.2,04,2017,Spring
Vermont,201705,51.8,-0.5,05,2017,Spring
Vermont,201706,61.5,0.1,06,2017,Summer
Vermont,201707,65.2,-0.7,07,2017,Summer
Vermont,201708,63.3,-0.4,08,2017,Summer
Vermont,201709,60.8,4.7,09,2017,Fall
Vermont,201710,53.0,7.8,10,2017,Fall
Vermont,201711,33.0,-0.8,11,2017,Fall
Vermont,201712,17.9,-2.7,12,2017,Winter
Vermont,201801,16.5,1.0,01,2018,Winter
Vermont,201802,25.5,8.1,02,2018,Winter
Vermont,201803,28.2,0.8,03,2018,Spring
Vermont,201804,36.1,-3.9,04,2018,Spring
Vermont,201805,56.4,4.1,05,2018,Spring
Vermont,201806,60.1,-1.3,06,2018,Summer
Vermont,201807,69.2,3.3,07,2018,Summer
Vermont,201808,68.4,4.7,08,2018,Summer
Vermont,201809,60.7,4.6,09,2018,Fall
Vermont,201810,44.5,-0.7,10,2018,Fall
Vermont,201811,30.2,-3.6,11,2018,Fall
Vermont,201812,23.0,2.4,12,2018,Winter
Vermont,201901,14.9,-0.6,01,2019,Winter
Virginia,201601,33.1,-1.7,01,2016,Winter
Virginia,201602,38.4,1.2,02,2016,Winter
Virginia,201603,51.8,7.2,03,2016,Spring
Virginia,201604,55.1,0.9,04,2016,Spring
Virginia,201605,61.9,-1.3,05,2016,Spring
Virginia,201606,71.8,0.8,06,2016,Summer
Virginia,201607,77.3,2.5,07,2016,Summer
Virginia,201608,77.0,3.7,08,2016,Summer
Virginia,201609,71.8,4.6,09,2016,Fall
Virginia,201610,59.8,3.7,10,2016,Fall
Virginia,201611,48.3,2.5,11,2016,Fall
Virginia,201612,39.1,2.0,12,2016,Winter
Virginia,201701,40.1,5.3,01,2017,Winter
Virginia,201702,46.0,8.8,02,2017,Winter
Virginia,201703,45.9,1.3,03,2017,Spring
Virginia,201704,60.6,6.4,04,2017,Spring
Virginia,201705,63.4,0.2,05,2017,Spring
Virginia,201706,71.2,0.2,06,2017,Summer
Virginia,201707,76.8,2.0,07,2017,Summer
Virginia,201708,72.8,-0.5,08,2017,Summer
Virginia,201709,67.4,0.2,09,2017,Fall
Virginia,201710,60.2,4.1,10,2017,Fall
Virginia,201711,46.1,0.3,11,2017,Fall
Virginia,201712,37.2,0.1,12,2017,Winter
Virginia,201801,31.8,-3.0,01,2018,Winter
Virginia,201802,45.1,7.9,02,2018,Winter
Virginia,201803,41.2,-3.4,03,2018,Spring
Virginia,201804,52.2,-2.0,04,2018,Spring
Virginia,201805,69.8,6.6,05,2018,Spring
Virginia,201806,73.2,2.2,06,2018,Summer
Virginia,201807,75.1,0.3,07,2018,Summer
Virginia,201808,75.3,2.0,08,2018,Summer
Virginia,201809,72.9,5.7,09,2018,Fall
Virginia,201810,59.0,2.9,10,2018,Fall
Virginia,201811,43.8,-2.0,11,2018,Fall
Virginia,201812,39.7,2.6,12,2018,Winter
Virginia,201901,36.3,1.5,01,2019,Winter
Washington,201601,33.0,4.3,01,2016,Winter
Washington,201602,39.1,5.6,02,2016,Winter
Washington,201603,41.8,3.1,03,2016,Spring
Washington,201604,51.6,6.4,04,2016,Spring
Washington,201605,55.1,3.1,05,2016,Spring
Washington,201606,59.9,2.0,06,2016,Summer
Washington,201607,63.6,-0.6,07,2016,Summer
Washington,201608,65.9,2.3,08,2016,Summer
Washington,201609,56.4,-0.9,09,2016,Fall
Washington,201610,47.4,0.2,10,2016,Fall
Washington,201611,43.0,6.5,11,2016,Fall
Washington,201612,26.1,-4.8,12,2016,Winter
Washington,201701,24.8,-3.9,01,2017,Winter
Washington,201702,31.0,-2.5,02,2017,Winter
Washington,201703,39.3,0.6,03,2017,Spring
Washington,201704,44.2,-1.0,04,2017,Spring
Washington,201705,53.7,1.7,05,2017,Spring
Washington,201706,59.5,1.6,06,2017,Summer
Washington,201707,67.1,2.9,07,2017,Summer
Washington,201708,68.6,5.0,08,2017,Summer
Washington,201709,59.8,2.5,09,2017,Fall
Washington,201710,46.2,-1.0,10,2017,Fall
Washington,201711,37.7,1.2,11,2017,Fall
Washington,201712,29.9,-1.0,12,2017,Winter
Washington,201801,35.3,6.6,01,2018,Winter
Washington,201802,32.4,-1.1,02,2018,Winter
Washington,201803,38.7,0.0,03,2018,Spring
Washington,201804,45.2,0.0,04,2018,Spring
Washington,201805,57.5,5.5,05,2018,Spring
Washington,201806,58.2,0.3,06,2018,Summer
Washington,201807,67.4,3.2,07,2018,Summer
Washington,201808,66.0,2.4,08,2018,Summer
Washington,201809,56.4,-0.9,09,2018,Fall
Washington,201810,47.4,0.2,10,2018,Fall
Washington,201811,38.6,2.1,11,2018,Fall
Washington,201812,33.1,2.2,12,2018,Winter
Washington,201901,34.2,5.5,01,2019,Winter
West Virginia,201601,27.6,-2.8,01,2016,Winter
West Virginia,201602,34.9,1.8,02,2016,Winter
West Virginia,201603,48.5,7.7,03,2016,Spring
West Virginia,201604,53.0,2.0,04,2016,Spring
West Virginia,201605,59.5,-0.9,05,2016,Spring
West Virginia,201606,69.5,1.3,06,2016,Summer
West Virginia,201607,73.7,1.8,07,2016,Summer
West Virginia,201608,75.1,4.7,08,2016,Summer
West Virginia,201609,69.4,5.0,09,2016,Fall
West Virginia,201610,57.3,4.1,10,2016,Fall
West Virginia,201611,45.6,3.3,11,2016,Fall
West Virginia,201612,35.6,2.4,12,2016,Winter
West Virginia,201701,37.5,7.1,01,2017,Winter
West Virginia,201702,42.1,9.0,02,2017,Winter
West Virginia,201703,42.3,1.5,03,2017,Spring
West Virginia,201704,57.5,6.5,04,2017,Spring
West Virginia,201705,61.0,0.6,05,2017,Spring
West Virginia,201706,67.7,-0.5,06,2017,Summer
West Virginia,201707,72.4,0.5,07,2017,Summer
West Virginia,201708,69.3,-1.1,08,2017,Summer
West Virginia,201709,64.6,0.2,09,2017,Fall
West Virginia,201710,57.5,4.3,10,2017,Fall
West Virginia,201711,43.2,0.9,11,2017,Fall
West Virginia,201712,33.0,-0.2,12,2017,Winter
West Virginia,201801,27.0,-3.4,01,2018,Winter
West Virginia,201802,41.7,8.6,02,2018,Winter
West Virginia,201803,38.0,-2.8,03,2018,Spring
West Virginia,201804,47.7,-3.3,04,2018,Spring
West Virginia,201805,67.9,7.5,05,2018,Spring
West Virginia,201806,70.1,1.9,06,2018,Summer
West Virginia,201807,72.5,0.6,07,2018,Summer
West Virginia,201808,72.4,2.0,08,2018,Summer
West Virginia,201809,70.4,6.0,09,2018,Fall
West Virginia,201810,55.3,2.1,10,2018,Fall
West Virginia,201811,40.0,-2.3,11,2018,Fall
West Virginia,201812,36.8,3.6,12,2018,Winter
West Virginia,201901,32.0,1.6,01,2019,Winter
Wisconsin,201601,16.2,3.5,01,2016,Winter
Wisconsin,201602,22.6,5.3,02,2016,Winter
Wisconsin,201603,36.8,8.5,03,2016,Spring
Wisconsin,201604,42.9,0.2,04,2016,Spring
Wisconsin,201605,56.1,1.2,05,2016,Spring
Wisconsin,201606,65.8,1.6,06,2016,Summer
Wisconsin,201607,69.9,0.9,07,2016,Summer
Wisconsin,201608,69.5,2.8,08,2016,Summer
Wisconsin,201609,62.6,4.6,09,2016,Fall
Wisconsin,201610,50.4,3.6,10,2016,Fall
Wisconsin,201611,41.6,10.1,11,2016,Fall
Wisconsin,201612,19.9,1.6,12,2016,Winter
Wisconsin,201701,19.4,6.7,01,2017,Winter
Wisconsin,201702,27.8,10.5,02,2017,Winter
Wisconsin,201703,30.2,1.9,03,2017,Spring
Wisconsin,201704,46.4,3.7,04,2017,Spring
Wisconsin,201705,53.3,-1.6,05,2017,Spring
Wisconsin,201706,65.6,1.4,06,2017,Summer
Wisconsin,201707,68.8,-0.2,07,2017,Summer
Wisconsin,201708,64.2,-2.5,08,2017,Summer
Wisconsin,201709,62.2,4.2,09,2017,Fall
Wisconsin,201710,50.0,3.2,10,2017,Fall
Wisconsin,201711,31.4,-0.1,11,2017,Fall
Wisconsin,201712,17.3,-1.0,12,2017,Winter
Wisconsin,201801,15.2,2.5,01,2018,Winter
Wisconsin,201802,16.1,-1.2,02,2018,Winter
Wisconsin,201803,29.7,1.4,03,2018,Spring
Wisconsin,201804,33.5,-9.2,04,2018,Spring
Wisconsin,201805,62.0,7.1,05,2018,Spring
Wisconsin,201806,66.5,2.3,06,2018,Summer
Wisconsin,201807,69.8,0.8,07,2018,Summer
Wisconsin,201808,68.5,1.8,08,2018,Summer
Wisconsin,201809,61.3,3.3,09,2018,Fall
Wisconsin,201810,43.6,-3.2,10,2018,Fall
Wisconsin,201811,27.3,-4.2,11,2018,Fall
Wisconsin,201812,25.1,6.8,12,2018,Winter
Wisconsin,201901,13.1,0.4,01,2019,Winter
Wyoming,201601,22.7,4.2,01,2016,Winter
Wyoming,201602,30.1,7.2,02,2016,Winter
Wyoming,201603,34.5,5.1,03,2016,Spring
Wyoming,201604,41.8,2.7,04,2016,Spring
Wyoming,201605,47.9,-0.9,05,2016,Spring
Wyoming,201606,63.8,6.0,06,2016,Summer
Wyoming,201607,66.8,1.2,07,2016,Summer
Wyoming,201608,63.5,-0.2,08,2016,Summer
Wyoming,201609,55.4,1.6,09,2016,Fall
Wyoming,201610,46.5,3.7,10,2016,Fall
Wyoming,201611,37.1,8.2,11,2016,Fall
Wyoming,201612,16.8,-4.4,12,2016,Winter
Wyoming,201701,16.7,-1.8,01,2017,Winter
Wyoming,201702,27.8,4.9,02,2017,Winter
Wyoming,201703,38.4,9.0,03,2017,Spring
Wyoming,201704,40.1,1.0,04,2017,Spring
Wyoming,201705,49.2,0.4,05,2017,Spring
Wyoming,201706,60.0,2.2,06,2017,Summer
Wyoming,201707,68.9,3.3,07,2017,Summer
Wyoming,201708,63.5,-0.2,08,2017,Summer
Wyoming,201709,54.2,0.4,09,2017,Fall
Wyoming,201710,41.1,-1.7,10,2017,Fall
Wyoming,201711,34.7,5.8,11,2017,Fall
Wyoming,201712,23.8,2.6,12,2017,Winter
Wyoming,201801,25.1,6.6,01,2018,Winter
Wyoming,201802,19.3,-3.6,02,2018,Winter
Wyoming,201803,32.3,2.9,03,2018,Spring
Wyoming,201804,39.8,0.7,04,2018,Spring
Wyoming,201805,52.9,4.1,05,2018,Spring
Wyoming,201806,60.4,2.6,06,2018,Summer
Wyoming,201807,67.3,1.7,07,2018,Summer
Wyoming,201808,63.5,-0.2,08,2018,Summer
Wyoming,201809,57.2,3.4,09,2018,Fall
Wyoming,201810,41.0,-1.8,10,2018,Fall
Wyoming,201811,28.5,-0.4,11,2018,Fall
Wyoming,201812,21.4,0.2,12,2018,Winter
Wyoming,201901,22.1,3.6,01,2019,Winter
Alaska,201601,17.2,15.0,01,2016,Winter
Alaska,201602,17.3,12.5,02,2016,Winter
Alaska,201603,18.7,7.9,03,2016,Spring
Alaska,201604,33.3,10.0,04,2016,Spring
Alaska,201605,44.0,6.2,05,2016,Spring
Alaska,201606,51.8,2.6,06,2016,Summer
Alaska,201607,55.6,2.9,07,2016,Summer
Alaska,201608,53.2,3.7,08,2016,Summer
Alaska,201609,42.3,1.7,09,2016,Fall
Alaska,201610,29.7,4.2,10,2016,Fall
Alaska,201611,13.3,1.6,11,2016,Fall
Alaska,201612,6.2,2.5,12,2016,Winter
Alaska,201701,4.5,2.3,01,2017,Winter
Alaska,201702,6.6,1.8,02,2017,Winter
Alaska,201703,4.9,-5.9,03,2017,Spring
Alaska,201704,29.6,6.3,04,2017,Spring
Alaska,201705,40.8,3.0,05,2017,Spring
Alaska,201706,51.4,2.2,06,2017,Summer
Alaska,201707,56.2,3.5,07,2017,Summer
Alaska,201708,50.2,0.7,08,2017,Summer
Alaska,201709,42.6,2.0,09,2017,Fall
Alaska,201710,30.2,4.7,10,2017,Fall
Alaska,201711,15.8,4.1,11,2017,Fall
Alaska,201712,19.1,15.4,12,2017,Winter
Alaska,201801,6.6,4.4,01,2018,Winter
Alaska,201802,12.6,7.8,02,2018,Winter
Alaska,201803,18.0,7.2,03,2018,Spring
Alaska,201804,26.9,3.6,04,2018,Spring
Alaska,201805,39.5,1.7,05,2018,Spring
Alaska,201806,50.0,0.8,06,2018,Summer
Alaska,201807,55.6,2.9,07,2018,Summer
Alaska,201808,49.7,0.2,08,2018,Summer
Alaska,201809,44.3,3.7,09,2018,Fall
Alaska,201810,33.8,8.3,10,2018,Fall
Alaska,201811,19.1,7.4,11,2018,Fall
Alaska,201812,9.1,5.4,12,2018,Winter
Alaska,201901,7.6,5.4,01,2019,Winter
